ID,CASE.x,YEAR.x,CYP2C19 (genotype),CYP2C19 (actionable),CYP2C19 (drugs),CYP2C9 (gentoype),CYP2C9 (actionable),CYP2C9 (drugs),CYP2D6 (genotype),AS Score,CYP2D6 (actionable),CYP2D6 (drugs),CYP3A5 (genotype),CYP3A5 (actionable),CYP3A5 (drugs),SLCO1B1 (genotype),SLCO1B1 (actionable),SLCO1B1 (drugs),DPYD (genotype),DPYD (actionable),DPYD (drugs),HLA-A (genotype),HLA-A(actionable),HLA-A (drugs),HLA-B: *15:02 (genotype),HLA-B: *15:02 (actionable),HLA-B: *15:02 (drugs),HLA- B*57:01 (genotype),HLA- B*57:01 (actionable),HLA- B*57:01 (drugs),HLA-B 58:01 (genotype),HLA-B 58:01 (actionable),HLA-B 58:01 (drugs),NUDT15 (genotype),NUDT15 (actionable),NUDT15 (drugs),TPMT (genotype),TPMT (actionable),TPMT (drugs),UGT1A1 (genotype),UGT1A1 (actionable),UGT1A1 (drugs),VKORC1 (genotype),VKORC1 (actionable),VKORC1 (drugs),...47,actionable genotypes highly,number of actionable genotypes highly,number of drugs highly,CASE.y,YEAR.y,Q1_1,Q1_2,Q2_1,Q2_2,Q3_1,Q3_2,Q4_1,Q4_2,Q5_1,Q5_2,Q6_1,Q6_2,Q7_1,Q7_2,Q8_1,Q8_2,Q61_1,Q61_2,Q18_1,Q18_2,Q20_1,Q20_2,Q63_1,Q63_2,Q23_1,Q23_2,Q24_1,Q24_2,Q25_1,Q25_2,Q26_1,Q26_2,Q27_1,Q27_2,Q28_1,Q28_2,Q29_1,Q29_2,Q31_1,Q31_2,Q33_1,Q33_2,Q34_1,Q34_2,Q35_1,Q35_2,Q37_1,Q37_2,Q38_1,Q38_2,Q41_1,Q41_2,Q43_1,Q43_2,Q42_1,Q42_2,A1,A2,A3,A4,A5,A6,A7,A8,A9,A10,A11,A12,A13,A14,A15,A16,A17,A18,A19,A20,A21,A22,A23,A24,A25,A26,A27,ATTENDANCE,Q2post,Q3post,Q4post,Q6post,Q7post,Q8post,Q9post,Q10post,Q11post,Q12post,SEX,AGE,GPA,PREPHARM,GENOMICS,GENETICS,PERSONALEXP,CAMPUS,Q2pre,Q3pre,Q4pre,Q6pre,Q7pre,Q8pre,Q9pre,Q10pre,Q11pre,Q12pre,cs_before,cs_after,cs_diff,a_before,a_after,a_diff,att_diff,Q1pre,Q1post
1,1,1,*1/*1,N,0,*1/*2,N,0,GENE DUPLICATION (*1/*41),1.5,N,0,*3/*3,N,0,T/T,N,0,NA,NA,NA,NA,NA,NA,NA,NA,NA,NA,NA,NA,NA,NA,NA,NA,NA,NA,NA,NA,NA,NA,NA,NA,G/G,N,0,NA,N,0,0,1,1,3,6,3,5,3,4,3,5,1,5,3,5,1,4,2,4,2,2,3,4,1,4,2,4,2,5,3,4,3,5,1,5,1,5,2,5,3,5,5,5,4,4,4,4,6,6,4,4,2,2,2,2,5,5,6,6,3,4,3,3,2,3,2,3,2,2,1,3,4,4,2,2,2,1,4,4,4,5,3,3,3,5,5,4,1,1,0,1,0,1,1,0,1,0,2,2,4,3,2,2,2,1,0,1,0,0,1,0,0,0,0,0,42,86,44,38,38,0,44,0,1
2,1,1,*1/*1,N,0,*1/*3,N,0,*1/*41,1.5,N,0,*1/*3,Y,1,T/T,N,0,NA,NA,NA,NA,NA,NA,NA,NA,NA,NA,NA,NA,NA,NA,NA,NA,NA,NA,NA,NA,NA,NA,NA,NA,G/G,N,0,NA,Y,1,1,1,1,5,5,3,4,2,4,4,5,4,5,4,5,5,5,5,5,2,4,2,4,2,4,3,4,2,5,2,4,2,4,2,5,1,4,1,4,1,3,3,4,3,4,2,4,4,5,5,5,4,6,4,5,4,6,5,6,4,4,3,4,3,3,4,4,3,2,2,2,2,2,3,2,3,2,4,2,2,4,4,5,5,4,4,3,1,1,1,1,0,1,1,1,1,1,2,2,3,3,2,2,2,1,1,0,0,1,0,1,0,1,1,1,52,83,31,34,45,11,42,0,1
3,1,1,*1/*2,N,0,*1/*2,N,0,GENE DELTION (*1/*5),1,N,0,*1/*3,Y,1,T/T,N,0,NA,NA,NA,NA,NA,NA,NA,NA,NA,NA,NA,NA,NA,NA,NA,NA,NA,NA,NA,NA,NA,NA,NA,NA,G/G,N,0,NA,Y,1,1,1,1,1,3,1,4,1,4,2,5,1,3,1,4,2,4,2,4,1,3,3,6,1,3,2,5,2,5,2,5,2,5,2,4,1,4,2,4,1,4,4,6,5,4,4,4,5,6,5,5,4,4,4,4,5,5,6,6,5,5,5,5,5,5,3,3,4,6,4,6,6,6,4,3,3,4,4,4,4,6,6,5,5,5,6,4,1,0,1,1,0,0,0,1,1,1,1,2,3,3,1,1,2,1,0,0,0,0,0,1,0,1,1,1,30,79,49,42,44,2,51,1,1
4,1,1,*1/*2,N,0,*1/*2,N,0,*1/*4,1,N,0,*3/*3,N,0,T/T,N,0,NA,NA,NA,NA,NA,NA,NA,NA,NA,NA,NA,NA,NA,NA,NA,NA,NA,NA,NA,NA,NA,NA,NA,NA,A/G,Y,1,NA,N,0,0,1,1,6,6,1,4,1,4,1,4,1,4,1,4,1,4,1,4,1,4,1,4,1,4,1,4,1,6,1,4,1,5,1,4,1,5,1,5,1,5,1,6,6,6,6,6,6,6,6,6,6,6,6,6,6,6,6,6,6,2,3,2,1,2,1,1,3,1,1,1,3,3,1,3,3,4,5,6,6,5,6,6,5,6,6,1,1,0,0,0,0,0,1,0,0,0,2,2,3,3,1,1,2,1,1,1,1,0,1,0,0,0,0,1,24,84,60,49,54,5,65,1,1
5,0,2,*1/*2,N,0,*1/*1,N,0,NA,NA,NA,NA,NA,NA,NA,NA,NA,NA,NA,NA,NA,NA,NA,NA,NA,NA,NA,NA,NA,NA,NA,NA,NA,NA,NA,NA,NA,NA,NA,NA,NA,NA,A/G,Y,1,NA,N,0,0,0,2,4,6,2,5,3,6,3,6,2,5,2,5,2,5,2,5,2,4,3,5,2,4,2,2,3,5,3,5,3,5,1,5,1,5,1,5,2,4,4,5,6,6,6,6,6,6,6,6,6,6,6,6,6,6,6,6,3,5,5,5,3,5,2,5,5,5,4,2,5,5,5,5,5,5,5,5,5,5,5,5,5,5,5,5,1,1,1,1,1,1,1,1,1,1,2,2,4,1,1,1,2,1,1,0,1,0,0,0,0,1,0,0,43,92,49,52,53,1,50,0,1
6,1,1,*1/*2,N,0,*1/*1,N,0,*1/*1,2,N,0,*3/*3,N,0,T/T,N,0,NA,NA,NA,NA,NA,NA,NA,NA,NA,NA,NA,NA,NA,NA,NA,NA,NA,NA,NA,NA,NA,NA,NA,NA,A/G,Y,1,NA,N,0,0,1,1,4,5,2,4,3,4,3,4,2,4,2,4,2,4,2,4,3,5,3,5,2,4,2,3,2,4,2,4,2,4,2,4,2,3,2,4,2,4,4,5,4,5,5,6,5,6,6,6,6,5,6,5,6,6,6,6,6,3,4,6,3,4,4,3,3,3,3,4,3,3,3,3,3,3,5,5,5,6,5,5,5,5,5,1,1,1,1,1,0,1,1,1,1,0,2,4,3,3,1,2,2,1,0,0,0,0,0,0,0,0,0,1,44,77,33,48,50,2,35,0,1
7,1,2,*1/*2,N,0,*1/*1,N,0,NA,NA,NA,NA,NA,NA,NA,NA,NA,NA,NA,NA,NA,NA,NA,NA,NA,NA,NA,NA,NA,NA,NA,NA,NA,NA,NA,NA,NA,NA,NA,NA,NA,NA,G/G,N,0,NA,N,0,0,1,2,1,5,1,5,1,4,1,4,1,4,1,4,1,4,1,4,1,4,1,4,1,4,1,4,1,4,1,4,1,4,1,4,1,5,1,5,1,5,4,6,4,6,5,6,6,6,6,6,5,6,4,6,5,6,6,6,6,4,4,3,3,3,4,4,4,4,4,3,3,3,3,3,4,3,4,4,5,5,5,5,5,5,5,4,1,1,1,1,0,1,1,1,1,0,2,2,4,3,1,2,2,1,0,0,0,0,0,0,1,1,0,1,19,81,62,45,54,9,71,1,1
8,0,2,*1/*17,N,0,*1/*2,N,0,NA,NA,NA,NA,NA,NA,NA,NA,NA,NA,NA,NA,NA,NA,NA,NA,NA,NA,NA,NA,NA,NA,NA,NA,NA,NA,NA,NA,NA,NA,NA,NA,NA,NA,G/G,N,0,NA,N,0,0,0,2,6,6,5,5,4,5,4,5,3,5,3,5,1,4,2,4,3,5,4,4,2,5,3,4,5,6,4,5,5,6,3,5,5,6,6,6,5,5,5,5,5,5,5,5,6,6,6,6,5,5,5,5,6,6,6,6,6,5,6,6,4,4,2,4,3,3,4,4,6,5,4,2,4,4,4,6,6,6,6,6,6,6,6,5,1,1,1,0,1,1,1,0,1,0,2,2,4,1,1,2,1,1,0,1,1,1,0,0,0,0,0,0,73,96,23,49,49,0,23,1,1
9,0,4,*1/*2,N,0,*1/*1,N,0,*1/*10+*36,1.25,N,0,*3/*3,N,0,T/T,N,0,*1/*1,N,0,Negative,N,0,TT,N,0,Negative,N,0,Negative,N,0,C/C,N,0,*1/*1,N,0,*1/*1,N,0,A/G,Y,1,NA,N,0,0,0,4,3,4,2,4,2,5,3,5,1,5,2,4,2,5,2,5,3,6,2,5,2,5,2,4,3,6,2,5,2,5,2,5,1,4,2,4,2,6,4,6,3,6,3,5,5,6,6,6,4,5,4,6,4,5,5,5,6,4,5,6,3,4,4,5,4,3,2,3,5,4,2,1,3,5,2,3,1,1,1,1,1,1,2,5,1,0,0,1,0,1,0,1,1,1,2,2,3,1,2,2,2,1,1,1,0,1,0,1,0,1,0,1,40,92,52,38,50,12,64,0,1
10,1,4,*1/*2,N,0,*1/*1,N,0,*1/*5,1,N,0,*1/*3,Y,1,C/T,Y,1,*1/*1,N,0,Positive,Y,1,TT,N,0,Negative,N,0,Negative,N,0,C/C,N,0,*1/*1,N,0,*1/*28,N,0,A/G,Y,1,NA,Y,3,3,1,4,3,5,2,4,2,5,5,5,2,5,2,6,2,5,2,5,1,5,2,5,2,6,2,4,1,4,1,4,1,4,1,4,2,4,1,4,1,4,4,5,6,6,6,6,6,6,6,6,6,6,6,6,6,6,6,6,5,3,4,4,2,4,3,2,5,4,2,3,2,2,3,2,2,2,2,2,2,1,1,3,1,1,1,2,1,1,1,1,0,0,1,1,1,1,1,2,4,3,1,2,1,2,1,0,0,1,0,0,0,0,1,1,35,88,53,52,53,1,54,1,1
11,1,4,*1/*2,N,0,*1/*1,N,0,*1/*17,1.5,N,0,*1/*3,Y,1,T/T,N,0,*1/*1,N,0,Negative,N,0,TT,N,0,Negative,N,0,Negative,N,0,C/C,N,0,*1/*1,N,0,*1/*28,N,0,G/G,N,0,NA,Y,1,1,1,4,3,5,2,3,2,4,2,4,3,3,3,4,2,4,2,4,2,5,2,5,2,3,2,4,2,4,2,4,2,4,2,4,2,4,2,4,2,4,5,3,5,3,5,3,5,3,5,3,5,3,5,3,5,3,5,3,1,2,1,1,1,1,1,1,1,1,1,1,1,1,1,1,1,1,3,3,2,2,1,1,1,3,2,5,1,1,1,0,0,0,0,0,0,1,2,2,3,1,1,2,2,1,1,0,0,1,0,0,0,0,0,0,41,76,35,45,27,-18,17,1,0
12,0,3,*1/*17,N,0,*1/*1,N,0,*1/*41,1.5,N,0,*3/*3,N,0,C/T,Y,1,*1/*1,N,0,Negative,N,0,Negative,N,0,Negative,N,0,Negative,N,0,C/C,N,0,*1/*1,N,0,*1/*28,N,0,A/G,Y,1,NA,Y,1,1,0,3,1,5,1,5,3,5,3,5,3,5,3,5,1,5,1,5,1,5,2,5,1,5,1,5,1,5,1,5,1,5,1,5,1,5,1,5,1,5,4,5,5,6,5,6,6,6,6,6,6,6,5,6,5,6,5,6,4,4,4,4,3,4,3,4,4,5,3,4,4,4,4,4,4,4,5,5,5,6,6,5,5,6,6,5,1,1,0,0,0,0,0,1,1,0,2,3,4,4,2,2,2,1,1,0,0,0,0,0,1,1,1,0,28,95,67,47,53,6,73,1,1
13,1,3,*1/*2,N,0,*1/*1,N,0,*1/*2A,2,N,0,*3/*3,N,0,T/T,N,0,*1/*1,N,0,Negative,N,0,Negative,N,0,Negative,N,0,Negative,N,0,C/C,N,0,*1/*1,N,0,*1/*28,N,0,G/G,N,0,NA,N,0,0,1,3,3,4,3,4,3,4,3,4,3,4,3,4,3,4,3,4,3,4,3,4,3,4,3,4,3,4,3,4,3,4,3,4,3,4,3,4,3,4,4,3,4,3,4,3,4,3,4,3,4,3,4,3,4,3,4,3,4,4,4,4,4,4,4,4,4,4,4,4,4,4,4,4,4,4,5,5,5,5,5,5,5,5,5,4,1,0,1,1,0,0,1,1,1,0,2,2,3,3,1,2,2,1,0,0,1,1,0,0,0,1,0,1,57,76,19,36,27,-9,10,1,1
14,1,4,*1/*17,N,0,*1/*3,N,0,*1/*4,1,N,0,*3/*3,N,0,T/T,N,0,*1/*1,N,0,Negative,N,0,TT,N,0,Negative,N,0,Negative,N,0,C/C,N,0,*1/*1,N,0,*1/*1,N,0,G/G,N,0,NA,N,0,0,1,4,3,6,4,4,4,5,4,5,3,5,4,5,3,4,4,5,3,3,3,3,3,3,3,4,3,4,3,3,3,3,3,3,3,3,3,3,2,2,4,4,4,4,4,5,5,5,6,6,5,5,5,5,6,6,5,5,4,4,4,4,3,4,4,4,3,4,3,3,3,4,3,3,4,2,3,3,2,2,2,2,2,2,1,4,0,1,0,1,0,0,0,0,1,0,2,2,4,1,1,2,2,1,0,0,0,0,0,0,0,1,1,1,61,73,12,44,45,1,13,1,0
15,1,1,*1/*1,N,0,*1/*1,N,0,*1/*4,1,N,0,*3/*3,N,0,C/T,Y,1,NA,NA,NA,NA,NA,NA,NA,NA,NA,NA,NA,NA,NA,NA,NA,NA,NA,NA,NA,NA,NA,NA,NA,NA,G/G,N,0,NA,Y,1,1,1,1,4,6,3,5,4,5,4,5,4,5,5,5,3,4,4,4,2,4,2,4,3,4,2,3,3,3,3,4,3,5,4,5,4,6,3,4,3,3,5,6,4,5,5,5,5,6,5,6,5,6,5,6,5,6,5,6,2,4,4,3,4,3,2,3,3,4,2,3,4,4,3,4,4,4,4,4,4,6,6,5,5,6,6,2,1,1,1,0,1,1,1,0,1,1,1,2,4,2,2,2,2,1,1,1,1,0,0,1,1,0,1,0,63,84,21,44,52,8,29,1,1
16,0,3,*1/*1,N,0,*1/*1,N,0,*9/*35,1.5,N,0,*3/*3,N,0,T/T,N,0,*1/*1,N,0,Negative,N,0,Negative,N,0,Negative,N,0,Negative,N,0,C/C,N,0,*1/*1,N,0,*1/*28,N,0,A/G,Y,1,NA,N,0,0,0,3,5,6,4,5,3,5,5,5,3,5,4,5,2,4,4,5,4,5,4,5,2,5,2,4,3,5,3,5,3,5,2,5,2,5,2,5,2,4,4,5,5,6,5,6,6,6,6,6,5,5,3,3,6,6,6,6,4,4,3,4,3,3,3,3,3,3,3,2,4,4,4,3,3,3,4,4,4,6,6,5,5,6,6,4,1,1,1,0,0,0,0,1,1,0,2,2,3,1,2,2,2,1,0,0,0,1,0,0,1,0,1,0,59,93,34,46,49,3,37,1,1
17,1,2,*1/*1,N,0,*1/*2,N,0,NA,NA,NA,NA,NA,NA,NA,NA,NA,NA,NA,NA,NA,NA,NA,NA,NA,NA,NA,NA,NA,NA,NA,NA,NA,NA,NA,NA,NA,NA,NA,NA,NA,NA,G/G,N,0,NA,N,0,0,1,2,5,6,1,5,2,5,1,6,1,5,1,4,1,6,1,5,1,6,1,5,1,5,1,6,1,4,1,4,1,4,1,5,1,5,1,5,1,5,4,5,4,6,4,6,4,5,4,5,4,4,4,4,4,5,4,6,2,5,2,4,1,1,2,2,3,4,2,4,4,4,3,2,1,2,4,5,5,6,6,6,6,6,6,5,1,1,1,1,1,1,1,1,1,0,1,2,4,1,2,2,2,1,1,0,1,0,1,0,0,0,0,0,24,96,72,36,46,10,82,1,1
18,1,4,*1/*1,N,0,*1/*3,N,0,*1x2/*4,2,N,0,*3/*3,N,0,T/T,N,0,*1/*1,N,0,Negative,N,0,TT,N,0,Negative,N,0,Negative,N,0,C/C,N,0,*1/*1,N,0,*1/*28,N,0,G/G,N,0,NA,N,0,0,1,4,5,5,5,5,5,5,5,5,5,5,5,5,5,5,5,5,5,5,5,5,5,5,5,5,5,5,5,5,5,5,5,5,5,5,5,5,5,5,5,5,5,5,5,5,5,5,5,5,5,5,5,5,5,5,5,5,3,4,5,4,3,4,4,4,4,3,3,4,3,4,4,3,3,3,3,3,3,3,3,3,3,1,1,5,1,1,1,1,1,1,1,1,1,1,1,2,4,1,2,2,2,1,1,1,1,1,0,1,0,1,1,1,95,95,0,45,45,0,0,1,1
19,1,2,*1/*1,N,0,*2/*3,Y,1,NA,NA,NA,NA,NA,NA,NA,NA,NA,NA,NA,NA,NA,NA,NA,NA,NA,NA,NA,NA,NA,NA,NA,NA,NA,NA,NA,NA,NA,NA,NA,NA,NA,NA,G/G,N,0,NA,Y,1,1,1,2,2,5,2,5,2,5,2,5,2,5,2,5,2,5,2,5,2,5,2,5,2,5,2,5,2,5,2,5,2,5,2,5,2,5,2,5,2,5,4,5,5,5,5,5,4,5,5,5,5,5,5,5,5,5,5,5,6,4,6,4,6,6,4,5,4,4,4,4,3,5,5,4,4,5,4,4,4,5,6,6,6,5,6,2,1,0,0,1,1,0,0,1,1,0,1,2,4,3,1,1,2,1,0,0,1,0,0,0,0,1,1,0,38,95,57,43,45,2,59,0,0
20,1,1,*17/*17,N,0,*1/*1,N,0,*1/*2,2,N,0,*3/*3,N,0,T/T,N,0,NA,NA,NA,NA,NA,NA,NA,NA,NA,NA,NA,NA,NA,NA,NA,NA,NA,NA,NA,NA,NA,NA,NA,NA,G/G,N,0,NA,N,0,0,1,1,6,6,3,5,3,5,6,6,4,6,4,5,2,5,3,5,4,6,4,5,2,5,2,4,4,6,4,6,4,6,1,5,3,5,3,6,1,5,4,6,5,6,5,6,4,6,5,6,4,6,5,6,5,6,4,6,6,5,6,6,5,6,5,5,6,6,4,5,6,6,6,5,4,4,5,5,6,6,6,4,5,6,6,5,1,0,1,1,1,0,0,1,1,0,1,2,3,1,2,2,2,1,1,1,1,0,0,0,0,0,0,0,63,102,39,41,54,13,52,1,1
21,1,3,*1/*1,N,0,*3/*3,Y,1,*1/*2A,2,N,0,*1/*3,Y,1,T/T,N,0,*1/*1,N,0,Negative,N,0,Negative,N,0,Negative,N,0,Negative,N,0,C/C,N,0,*1/*1,N,0,*1/*28,N,0,A/G,Y,1,NA,Y,2,2,1,3,5,5,5,5,5,5,5,5,5,5,5,5,5,5,5,5,5,5,5,5,5,5,5,5,5,5,5,5,5,5,5,5,5,5,5,5,5,5,6,6,6,6,6,6,6,6,6,6,6,6,6,6,6,6,6,6,5,5,4,5,4,6,4,4,3,6,3,4,4,4,4,4,4,4,5,5,5,5,5,5,5,5,5,2,1,0,0,1,0,0,0,1,1,0,1,2,3,1,2,2,2,1,1,0,0,0,0,0,0,1,1,0,95,95,0,54,54,0,0,1,0
22,0,4,*1/*1,N,0,*2/*2,Y,1,*41/*41,1,N,0,*3/*3,N,0,T/T,N,0,*1/*2A,Y,1,Negative,N,0,TT,N,0,Negative,N,0,Negative,N,0,C/C,N,0,*1/*1,N,0,*28/*28,Y,1,G/G,N,0,NA,Y,3,3,0,4,5,6,4,5,3,6,1,6,1,5,1,5,1,5,1,5,2,5,1,5,1,5,1,4,1,5,1,5,1,5,1,5,1,5,1,5,1,5,2,5,3,4,4,5,6,6,6,6,6,6,6,6,6,6,6,6,5,4,5,5,2,2,2,2,4,4,2,3,2,2,2,2,2,3,3,3,3,1,1,1,1,1,1,4,1,1,0,1,0,0,1,1,1,1,2,3,4,3,1,2,2,2,1,1,1,0,1,0,1,1,1,1,29,97,68,45,50,5,73,1,1
23,1,2,*1/*1,N,0,*1/*1,N,0,NA,NA,NA,NA,NA,NA,NA,NA,NA,NA,NA,NA,NA,NA,NA,NA,NA,NA,NA,NA,NA,NA,NA,NA,NA,NA,NA,NA,NA,NA,NA,NA,NA,NA,G/G,N,0,NA,N,0,0,1,2,4,6,3,6,4,6,5,5,3,6,3,6,4,6,4,5,3,5,3,5,3,6,4,6,4,6,4,6,2,6,2,6,2,6,2,6,2,6,5,6,4,4,5,5,4,6,6,6,5,6,6,6,5,6,5,6,2,5,5,5,2,2,2,2,2,2,2,2,2,2,2,2,2,2,4,4,5,5,5,5,5,5,5,1,1,1,0,1,0,0,0,1,1,1,2,2,4,3,2,3,2,1,1,1,1,1,0,0,1,0,1,1,61,110,49,45,51,6,55,1,1
24,1,1,*1/*17,N,0,*1/*3,N,0,*1/*4,1,N,0,*3/*3,N,0,T/T,N,0,NA,NA,NA,NA,NA,NA,NA,NA,NA,NA,NA,NA,NA,NA,NA,NA,NA,NA,NA,NA,NA,NA,NA,NA,A/A,Y,1,NA,N,0,0,1,1,1,6,1,4,1,5,1,5,1,4,1,4,1,2,1,3,2,5,1,4,1,3,1,6,1,5,1,5,1,5,1,4,1,3,1,4,1,4,3,5,4,5,5,5,4,4,6,5,5,3,5,5,6,6,6,6,2,4,4,3,1,1,2,2,2,3,1,2,3,3,3,2,2,2,3,4,4,4,6,6,6,6,6,3,1,1,1,1,1,1,1,1,1,1,2,2,4,1,2,2,2,1,0,1,1,0,0,0,1,0,1,1,20,81,61,44,44,0,61,0,1
25,1,1,*1/*1,N,0,*1/*8,N,0,*2/*17,1.5,N,0,*1/*3,Y,1,T/T,N,0,NA,NA,NA,NA,NA,NA,NA,NA,NA,NA,NA,NA,NA,NA,NA,NA,NA,NA,NA,NA,NA,NA,NA,NA,G/G,N,0,NA,Y,1,1,1,1,2,3,3,4,3,4,3,4,3,4,2,3,3,4,3,4,3,4,3,4,3,3,3,4,3,4,3,4,3,4,1,3,1,3,1,3,1,4,4,5,4,5,4,5,4,5,5,5,4,4,4,5,4,5,4,5,1,4,4,3,1,2,2,2,3,4,1,5,4,4,2,1,1,1,4,4,4,5,5,4,5,4,5,2,1,1,0,1,1,0,1,1,1,0,1,2,4,3,1,2,2,1,0,0,0,1,1,0,1,1,1,0,47,70,23,37,44,7,30,0,1
26,0,3,*17/*17,N,0,*1/*1,N,0,*4/*10,0.25,N,0,*3/*3,N,0,C/T,Y,1,*1/*1,N,0,Negative,N,0,Negative,N,0,Negative,N,0,Negative,N,0,C/C,N,0,*1/*1,N,0,*1/*28,N,0,A/G,Y,1,NA,Y,1,1,0,3,3,4,3,4,3,4,3,4,3,3,3,3,3,4,4,5,3,4,3,4,2,2,3,4,3,4,3,4,3,4,2,3,2,3,2,3,1,2,4,4,4,5,4,5,6,6,6,6,6,6,6,6,6,6,5,5,2,3,4,2,3,3,3,4,3,3,3,4,4,4,2,1,2,4,4,4,4,6,5,4,4,4,4,3,1,1,0,1,0,0,0,0,0,0,1,2,4,1,2,4,2,1,0,0,1,0,0,0,0,1,0,1,52,68,16,47,49,2,18,1,1
27,1,2,*2/*2,N,1,*1/*1,N,0,NA,NA,NA,NA,NA,NA,NA,NA,NA,NA,NA,NA,NA,NA,NA,NA,NA,NA,NA,NA,NA,NA,NA,NA,NA,NA,NA,NA,NA,NA,NA,NA,NA,NA,A/A,Y,1,NA,N,0,1,1,2,6,6,3,6,3,4,2,6,2,6,2,5,3,6,3,6,4,4,2,3,2,5,3,3,3,6,4,6,4,6,2,6,2,5,2,5,3,5,4,6,5,6,4,6,3,6,5,6,5,6,5,6,5,6,5,6,6,6,6,4,4,4,3,3,3,3,3,6,5,5,4,1,1,1,5,5,5,6,4,4,4,5,4,5,1,1,0,0,0,0,0,1,1,0,2,2,3,3,1,1,2,1,1,1,1,1,0,0,0,1,1,0,55,99,44,41,54,13,57,1,1
28,1,2,*1/*17,N,0,*1/*1,N,0,NA,NA,NA,NA,NA,NA,NA,NA,NA,NA,NA,NA,NA,NA,NA,NA,NA,NA,NA,NA,NA,NA,NA,NA,NA,NA,NA,NA,NA,NA,NA,NA,NA,NA,A/G,Y,1,NA,N,0,0,1,2,4,6,3,5,3,5,3,4,2,5,3,5,3,4,3,4,2,4,2,4,2,4,2,4,2,4,2,4,2,4,1,4,2,4,2,5,2,4,3,5,3,5,3,5,4,6,4,6,4,6,4,6,4,6,4,6,6,5,5,4,4,4,4,4,3,4,3,4,4,4,4,4,4,3,5,5,5,5,6,6,6,6,6,4,1,0,1,1,0,0,0,0,0,0,2,2,3,1,1,1,1,1,0,0,0,1,0,0,0,0,0,0,45,83,38,33,51,18,56,1,1
29,1,1,*1/*2,N,0,*1/*1,N,0,*2/*6,1,N,0,*3/*3,N,0,T/T,N,0,NA,NA,NA,NA,NA,NA,NA,NA,NA,NA,NA,NA,NA,NA,NA,NA,NA,NA,NA,NA,NA,NA,NA,NA,A/G,Y,1,NA,N,0,0,1,1,3,6,2,5,2,6,2,5,1,5,1,5,1,4,1,5,1,4,1,4,1,5,1,4,1,5,1,5,1,5,2,6,1,5,1,5,2,6,3,5,3,6,3,6,3,5,5,5,6,6,6,6,6,6,3,4,5,4,5,4,4,4,3,3,3,3,3,3,2,2,2,3,3,3,4,4,4,4,5,5,5,3,5,4,1,1,1,1,1,1,1,1,1,0,2,2,4,1,1,3,2,1,0,0,1,0,0,0,0,0,1,1,26,95,69,38,49,11,80,0,1
30,1,1,*1/*2,N,0,*1/*1,N,0,*1/*2,2,N,0,*3/*3,N,0,T/T,N,0,NA,NA,NA,NA,NA,NA,NA,NA,NA,NA,NA,NA,NA,NA,NA,NA,NA,NA,NA,NA,NA,NA,NA,NA,A/G,Y,1,NA,N,0,0,1,1,2,4,1,4,2,5,3,6,1,4,2,4,4,5,2,5,1,4,2,4,1,4,1,3,1,5,1,5,1,4,2,5,3,5,1,4,1,4,3,5,3,5,4,6,6,6,5,6,4,6,4,6,4,6,4,6,3,3,4,3,3,3,4,4,3,3,2,1,1,1,1,1,2,1,4,4,6,6,6,6,6,6,6,2,1,1,1,1,1,1,0,1,1,0,2,4,3,1,2,2,2,1,1,0,0,0,0,1,0,1,1,1,32,84,52,37,52,15,67,1,1
31,1,1,*1/*1,N,0,*1/*1,N,0,*1/*10,1.25,N,0,*3/*3,N,0,T/T,N,0,NA,NA,NA,NA,NA,NA,NA,NA,NA,NA,NA,NA,NA,NA,NA,NA,NA,NA,NA,NA,NA,NA,NA,NA,A/A,Y,1,NA,N,0,0,1,1,3,2,2,4,1,4,1,3,1,4,1,3,1,4,1,4,1,4,1,5,1,3,1,3,1,4,1,4,1,5,1,4,1,2,1,3,1,1,4,5,4,5,6,6,4,5,6,6,4,5,4,6,6,6,6,6,5,4,4,5,3,5,4,4,4,5,4,3,3,4,2,1,2,1,1,4,5,4,6,5,6,6,6,2,1,1,1,0,0,0,0,1,1,1,1,3,4,3,1,4,2,1,0,1,1,1,0,0,0,1,1,1,22,66,44,44,50,6,50,1,1
32,0,4,*1/*17,N,0,*1/*1,N,0,*2A/*10,1.25,N,0,*3/*3,N,0,T/T,N,0,*1/*1,N,0,Negative,N,0,TT,N,0,Negative,N,0,Negative,N,0,C/C,N,0,*1/*1,N,0,*1/*1,N,0,A/G,Y,1,NA,N,0,0,0,4,4,5,4,5,4,5,4,5,4,5,4,5,4,5,4,5,4,5,4,4,5,6,4,5,4,5,4,5,4,5,4,5,4,5,4,5,4,5,4,5,4,5,4,5,4,5,4,5,4,5,4,5,4,5,4,5,5,5,5,4,4,4,5,4,5,4,4,5,4,4,4,4,4,4,3,2,2,2,2,2,2,2,2,5,0,1,0,1,0,1,0,1,1,1,2,2,4,3,2,2,2,1,1,0,1,1,1,1,0,0,1,1,77,95,18,36,45,9,27,1,1
33,1,3,*1/*2,N,0,*1/*1,N,0,*1/*2A,2,N,0,*1/*3,Y,1,T/T,N,0,*1/*1,N,0,Negative,N,0,Negative,N,0,Negative,N,0,Negative,N,0,C/C,N,0,*1/*1,N,0,*1/*28,N,0,A/G,Y,1,NA,Y,1,1,1,3,1,4,1,5,1,5,1,5,1,5,1,5,1,5,1,5,1,5,1,5,1,4,1,6,1,5,2,4,1,4,1,5,1,5,1,4,1,4,2,5,1,4,1,4,4,6,5,6,4,6,5,6,5,6,6,6,6,4,5,5,2,2,2,2,2,2,2,3,3,3,2,2,3,2,5,5,5,6,6,6,6,6,6,3,1,1,1,1,1,1,1,1,1,1,2,3,4,3,2,2,2,1,1,0,1,0,0,0,0,0,0,0,20,90,70,33,49,16,86,1,1
34,1,1,*1/*1,N,0,*1/*1,N,0,GENE DUPLICATION *2/*41,1.5,N,0,*3/*3,N,0,C/T,Y,1,NA,NA,NA,NA,NA,NA,NA,NA,NA,NA,NA,NA,NA,NA,NA,NA,NA,NA,NA,NA,NA,NA,NA,NA,G/G,N,0,NA,Y,1,1,1,1,3,6,1,4,2,5,1,4,1,5,2,4,1,4,1,4,1,5,1,5,1,5,1,5,1,4,1,4,1,5,1,5,1,5,1,5,1,5,2,4,4,5,4,5,4,5,5,6,4,5,4,5,5,5,6,6,4,2,4,3,3,3,2,2,3,3,2,2,2,3,2,3,2,2,4,4,4,4,5,4,5,6,5,2,1,0,0,0,0,1,1,0,1,1,2,2,3,1,1,1,2,1,1,0,1,0,0,0,1,1,1,1,23,89,66,38,46,8,74,0,1
35,1,4,*1/*1,N,0,*1/*1,N,0,*1/*9,1.5,N,0,*3/*3,N,0,T/T,N,0,*1/*1,N,0,Negative,N,0,TT,N,0,Negative,N,0,Negative,N,0,C/C,N,0,*1/*1,N,0,*1/*1,N,0,G/G,N,0,NA,N,0,0,1,4,2,4,3,5,3,5,1,4,1,4,2,5,1,4,2,4,2,4,2,4,2,4,2,4,2,4,2,4,2,4,2,4,2,4,2,4,2,4,4,5,4,5,4,5,4,5,6,6,6,6,5,6,6,6,6,6,3,3,4,4,4,4,3,3,3,3,3,3,3,3,3,3,3,3,3,3,3,3,2,2,2,2,2,5,1,0,0,0,0,0,1,0,0,0,2,2,4,3,2,2,2,2,1,0,0,1,0,1,0,0,1,1,37,79,42,45,50,5,47,1,1
36,1,3,*1/*1,N,0,*1/*1,N,0,*1/*41,1.5,N,0,*3/*3,N,0,T/T,N,0,*1/*1,N,0,Negative,N,0,Negative,N,0,Negative,N,0,Negative,N,0,C/C,N,0,*1/*1,N,0,*28/*28,Y,1,G/G,N,0,NA,Y,1,1,1,3,2,6,4,6,3,6,2,5,4,6,4,6,2,5,3,5,3,4,3,6,3,4,3,4,3,5,3,5,3,5,2,6,1,6,1,6,2,5,3,5,2,4,2,5,6,6,4,6,4,6,5,6,5,6,4,6,4,5,5,4,5,5,4,5,4,5,2,3,4,4,4,3,4,3,5,5,5,5,5,5,5,6,5,4,1,1,1,0,1,0,0,1,1,1,2,3,4,3,2,2,2,2,1,0,0,0,0,0,0,0,1,0,51,101,50,35,50,15,65,0,1
37,0,4,*1/*3,Y,0,*1/*1,N,0,*10/*10+*36,1,N,0,*1/*3,Y,1,T/T,N,0,*1/*1,N,0,Positive,Y,1,TT,N,0,Negative,N,0,Negative,N,0,C/C,N,0,*1/*3A,Y,2,*1/*6,N,0,A/G,Y,1,NA,Y,4,4,0,4,4,5,3,4,2,5,3,5,2,5,3,5,2,4,2,4,3,3,4,5,2,4,1,3,4,4,2,2,2,3,3,4,2,5,1,4,2,3,2,6,3,5,2,5,5,6,6,6,5,6,4,5,5,6,4,6,6,6,6,6,1,2,4,2,3,2,1,4,3,2,1,1,1,1,3,3,3,2,2,3,2,3,2,4,1,1,1,1,0,1,0,0,1,1,1,2,4,3,1,2,2,2,1,0,1,1,0,0,0,0,1,0,47,77,30,36,51,15,45,1,1
38,1,1,*1/*17,N,0,*1/*1,N,0,*1/*6,1,N,0,*1/*3,Y,1,T/T,N,0,NA,NA,NA,NA,NA,NA,NA,NA,NA,NA,NA,NA,NA,NA,NA,NA,NA,NA,NA,NA,NA,NA,NA,NA,A/G,Y,1,NA,Y,1,1,1,1,4,5,3,4,4,4,4,4,3,5,3,5,3,4,3,4,3,4,4,4,3,4,3,4,3,4,3,4,3,4,2,4,1,4,3,4,3,4,3,4,4,5,5,6,5,5,5,6,5,5,5,5,6,6,6,6,3,2,4,5,2,4,4,4,1,4,2,3,3,2,1,2,2,3,4,4,4,5,5,4,4,4,4,4,1,0,1,0,0,0,0,0,1,0,2,2,4,3,1,2,2,1,1,1,0,0,1,0,1,1,1,0,58,79,21,44,48,4,25,1,0
39,0,2,*1/*17,N,0,*1/*1,N,0,NA,NA,NA,NA,NA,NA,NA,NA,NA,NA,NA,NA,NA,NA,NA,NA,NA,NA,NA,NA,NA,NA,NA,NA,NA,NA,NA,NA,NA,NA,NA,NA,NA,NA,A/A,Y,1,NA,N,0,0,0,2,3,4,2,5,2,5,2,6,1,5,2,5,4,5,3,4,2,2,2,4,2,4,2,3,2,4,2,4,2,5,1,5,1,6,2,4,1,5,5,5,5,6,6,6,5,6,6,6,5,5,5,5,6,6,4,5,4,4,3,3,2,2,1,1,3,4,2,2,2,4,4,3,4,2,5,6,6,5,6,5,4,5,5,4,1,1,1,1,0,1,1,1,0,0,1,2,3,1,1,2,2,1,1,1,0,0,0,0,0,1,1,1,38,85,47,47,50,3,50,1,1
40,1,1,*1/*1,N,0,*1/*1,N,0,*1/*1,2,N,0,*3/*3,N,0,C/T,Y,1,NA,NA,NA,NA,NA,NA,NA,NA,NA,NA,NA,NA,NA,NA,NA,NA,NA,NA,NA,NA,NA,NA,NA,NA,A/A,Y,1,NA,Y,1,1,1,1,1,4,1,5,2,5,2,5,1,4,1,4,1,3,1,3,1,5,2,5,1,4,2,2,2,5,2,5,2,5,1,5,1,4,1,3,1,3,1,4,2,4,3,4,4,4,4,5,4,4,4,4,4,4,4,4,2,2,2,2,1,2,2,2,2,3,1,2,4,2,2,1,1,1,4,4,4,4,5,5,5,4,4,3,1,1,1,0,0,1,0,1,1,1,2,2,3,3,2,3,2,1,1,0,0,1,0,0,0,1,0,1,26,79,53,30,37,7,60,1,1
41,0,2,*1/*17,N,0,*1/*1,N,0,NA,NA,NA,NA,NA,NA,NA,NA,NA,NA,NA,NA,NA,NA,NA,NA,NA,NA,NA,NA,NA,NA,NA,NA,NA,NA,NA,NA,NA,NA,NA,NA,NA,NA,A/G,Y,1,NA,N,0,0,0,2,4,5,5,5,4,5,3,5,4,5,3,4,3,4,4,5,2,4,3,5,2,4,2,4,2,5,2,5,2,4,2,4,2,5,2,4,2,4,2,4,4,5,5,5,3,4,5,5,2,2,2,2,5,5,5,5,5,5,4,4,5,4,3,3,3,2,2,3,3,4,3,3,4,3,4,4,4,4,5,3,3,5,5,4,1,0,0,1,0,0,1,0,0,0,2,2,4,2,1,4,2,1,0,0,0,0,0,0,0,0,1,1,53,86,33,33,37,4,37,0,1
42,0,3,*17/*17,N,0,*1/*1,N,0,*1/*1,2,N,0,*3/*3,N,0,T/T,N,0,*1/*1,N,0,Negative,N,0,Negative,N,0,Negative,N,0,Negative,N,0,C/C,N,0,*1/*1,N,0,*28/*28,Y,1,A/A,Y,1,NA,Y,1,1,0,3,3,5,2,4,3,4,3,3,3,4,3,4,3,4,3,4,3,5,3,4,3,4,3,4,3,5,3,5,3,4,3,4,3,4,3,4,2,3,3,4,3,4,3,4,4,6,5,6,4,5,4,5,4,6,3,6,2,3,2,2,2,2,2,2,6,2,2,1,2,2,2,2,2,2,4,4,4,4,6,5,5,5,5,5,1,1,1,0,0,0,1,1,1,1,1,2,4,3,2,2,2,1,0,0,0,0,0,0,0,0,0,0,55,78,23,33,46,13,36,0,1
43,1,3,*1/*1,N,0,*1/*2,N,0,*1/*35,2,N,0,*3/*3,N,0,C/C,Y,1,*1/*1,N,0,Negative,N,0,Negative,N,0,Negative,N,0,Negative,N,0,C/C,N,0,*1/*1,N,0,*1/*28,N,0,A/G,Y,1,NA,Y,1,1,1,3,6,6,4,5,4,5,4,5,4,5,5,5,5,5,4,5,5,5,5,6,5,5,5,5,4,5,4,5,5,5,4,5,4,5,4,5,4,5,6,6,6,6,6,6,6,6,6,6,6,6,6,6,6,6,6,6,6,6,6,6,6,6,6,6,6,6,6,5,5,4,5,5,5,5,5,5,5,5,5,5,5,5,5,4,1,1,0,1,0,0,0,0,1,1,1,2,4,3,2,2,1,2,0,0,1,1,1,1,0,1,0,0,85,97,12,54,54,0,12,0,1
44,0,3,*1/*1,N,0,*1/*2,N,0,*1/*4,1,N,0,*1/*3,Y,1,T/T,N,0,*1/*1,N,0,Negative,N,0,Negative,N,0,Negative,N,0,Negative,N,0,C/C,N,0,*1/*1,N,0,*1/*28,N,0,A/G,Y,1,NA,Y,1,1,0,3,6,6,4,5,3,5,3,5,3,5,3,4,4,5,4,5,2,4,2,4,3,5,3,4,3,4,3,4,3,5,3,5,2,4,2,5,2,4,3,4,4,5,5,6,5,6,6,6,4,4,4,4,5,6,4,6,5,5,5,4,5,5,4,3,3,3,4,4,3,3,4,3,3,4,4,4,4,5,5,5,6,6,6,5,1,0,0,0,1,0,0,0,0,1,2,2,4,3,2,2,2,1,0,1,0,0,0,0,0,1,0,1,58,88,30,40,47,7,37,1,1
45,1,1,*1/*2,N,0,*1/*1,N,0,*2/*4,1,N,0,*3/*3,N,0,T/T,N,0,NA,NA,NA,NA,NA,NA,NA,NA,NA,NA,NA,NA,NA,NA,NA,NA,NA,NA,NA,NA,NA,NA,NA,NA,G/G,N,0,NA,N,0,0,1,1,4,4,4,4,4,4,4,4,4,4,4,4,5,5,5,5,5,5,5,5,5,5,5,5,5,5,5,5,5,5,5,5,5,5,5,5,5,5,4,4,4,4,4,4,4,4,4,4,4,4,4,4,4,4,4,4,2,4,4,2,1,2,2,4,3,3,1,2,2,2,2,2,2,2,5,5,5,5,5,4,5,5,5,2,1,0,1,0,0,1,0,0,1,0,1,2,4,1,1,2,2,1,1,1,0,0,0,1,0,0,1,0,89,89,0,36,36,0,0,1,0
46,1,4,*1/*1,N,0,*1/*1,N,0,*1/*10,1.25,N,0,*3/*3,N,0,C/T,Y,1,*1/*1,N,0,Negative,N,0,TA,N,0,Negative,N,0,Negative,N,0,C/C,N,0,*1/*1,N,0,*1/*1,N,0,A/A,Y,1,NA,Y,1,1,1,4,2,6,2,5,2,5,2,5,2,5,2,5,2,4,2,5,2,6,2,5,2,6,2,5,2,5,2,5,2,5,2,6,2,6,2,6,2,5,5,5,5,6,5,6,6,6,6,6,5,6,5,6,6,6,6,6,4,4,4,3,3,3,2,2,3,2,3,3,2,2,2,2,2,2,3,3,3,1,1,2,3,1,1,4,1,1,1,1,0,0,1,1,1,1,2,3,4,1,2,2,2,2,1,1,1,0,0,0,0,1,1,1,38,100,62,49,53,4,66,1,1
47,1,3,*1/*2,N,0,*1/*1,N,0,*1/*41,1.5,N,0,*3/*3,N,0,C/T,Y,1,*1/*1,N,0,Negative,N,0,Negative,N,0,Negative,N,0,Negative,N,0,C/C,N,0,*1/*1,N,0,*1/*28,N,0,G/G,N,0,NA,Y,1,1,1,3,2,4,2,4,2,3,3,4,2,4,2,3,3,4,3,4,2,3,2,3,2,3,2,3,2,3,2,3,2,3,2,3,2,3,2,3,2,3,2,3,2,3,2,3,4,5,4,5,4,5,4,5,4,5,4,5,2,2,2,2,2,2,2,2,2,2,2,2,2,2,2,2,2,2,4,4,4,5,6,6,6,6,6,4,0,0,1,0,0,0,0,0,0,1,2,2,4,1,2,2,2,1,0,1,1,0,0,0,0,0,0,1,41,63,22,30,39,9,31,0,1
48,1,2,*1/*2,N,0,*1/*1,N,0,NA,NA,NA,NA,NA,NA,NA,NA,NA,NA,NA,NA,NA,NA,NA,NA,NA,NA,NA,NA,NA,NA,NA,NA,NA,NA,NA,NA,NA,NA,NA,NA,NA,NA,A/G,Y,1,NA,N,0,0,1,2,3,6,3,5,3,6,3,6,2,5,3,5,5,6,5,6,2,4,2,5,2,4,2,4,2,5,2,5,2,5,1,4,1,5,3,5,2,4,3,5,3,5,4,6,4,6,4,6,5,6,5,6,5,6,5,6,6,4,4,4,4,4,4,4,3,4,2,4,5,4,4,1,2,1,4,3,3,5,5,5,5,5,5,4,1,1,0,0,1,1,1,1,1,1,2,3,2,3,2,3,2,1,0,0,0,1,0,0,0,1,0,0,48,95,47,38,52,14,61,1,1
49,0,2,*1/*1,N,0,*1/*1,N,0,NA,NA,NA,NA,NA,NA,NA,NA,NA,NA,NA,NA,NA,NA,NA,NA,NA,NA,NA,NA,NA,NA,NA,NA,NA,NA,NA,NA,NA,NA,NA,NA,NA,NA,A/A,Y,1,NA,N,0,0,0,2,3,6,3,5,3,4,3,5,1,5,1,4,1,3,1,3,1,1,1,5,1,5,2,4,4,5,4,5,4,5,1,4,1,4,1,4,1,4,4,5,5,5,5,5,5,5,5,5,3,3,3,3,6,6,6,6,2,3,3,4,2,3,1,1,1,3,1,4,4,4,2,2,4,3,4,5,4,5,6,6,6,6,6,2,1,1,0,0,0,1,1,0,1,1,2,2,4,3,2,2,2,1,1,1,0,0,0,0,1,0,1,1,37,81,44,42,43,1,45,1,1
50,1,3,*2/*17,Y,0,*1/*1,N,0,*1/*4,1,N,0,*3/*3,N,0,T/T,N,0,*1/*1,N,0,Negative,N,0,Negative,N,0,Negative,N,0,Negative,N,0,C/C,N,0,*1/*1,N,0,*1/*28,N,0,A/G,Y,1,NA,Y,1,0,1,3,4,5,5,5,4,6,5,6,4,5,5,6,4,5,4,6,5,6,6,6,5,6,4,5,5,6,5,6,5,6,4,5,4,6,5,6,6,6,6,6,4,5,6,6,6,6,6,6,6,6,5,6,6,6,6,6,6,6,6,4,5,5,4,5,5,6,6,5,5,5,6,5,6,6,5,6,6,6,6,5,5,6,6,5,1,1,0,1,1,0,0,1,1,0,2,2,3,3,5,4,1,1,1,0,1,0,0,0,0,1,1,1,89,108,19,51,53,2,21,0,1
51,0,4,*1/*2,N,0,*1/*1,N,0,*1/*10,1.25,N,0,*1/*3,Y,1,C/C,Y,1,*1/*1,N,0,Negative,N,0,TT,N,0,Negative,N,0,Negative,N,0,C/C,N,0,*1/*1,N,0,*1/*1,N,0,A/A,Y,1,NA,Y,2,2,0,4,4,5,3,5,3,5,3,5,3,5,3,5,2,5,2,4,2,4,2,4,2,4,2,4,2,4,2,4,2,4,2,3,2,4,2,3,2,4,5,6,5,5,5,5,5,5,5,5,4,5,4,5,4,5,4,6,4,4,4,4,4,4,5,5,5,5,5,4,4,3,4,3,3,4,3,3,3,3,3,3,3,3,3,5,0,1,0,0,0,0,0,1,1,0,1,2,4,1,1,1,2,1,0,0,1,1,0,0,1,1,0,1,45,81,36,41,47,6,42,1,0
52,1,1,*2/*2,N,1,*1/*1,N,0,*1/*4,1,N,0,*3/*3,N,0,T/T,N,0,NA,NA,NA,NA,NA,NA,NA,NA,NA,NA,NA,NA,NA,NA,NA,NA,NA,NA,NA,NA,NA,NA,NA,NA,A/G,Y,1,NA,N,0,1,1,1,4,5,3,4,3,6,5,5,3,5,2,5,2,4,2,5,2,5,2,4,2,5,2,5,2,5,2,5,2,5,1,4,2,5,2,6,2,5,4,6,4,6,4,6,4,5,4,6,4,6,4,6,4,6,4,6,5,4,5,4,3,4,4,4,5,5,4,3,4,4,3,5,5,3,4,4,5,3,5,5,5,6,6,2,1,1,1,1,0,1,0,1,1,1,2,2,3,2,1,2,2,1,1,1,0,0,0,0,1,1,0,0,45,93,48,36,53,17,65,0,1
53,1,2,*1/*2,N,0,*1/*1,N,0,NA,NA,NA,NA,NA,NA,NA,NA,NA,NA,NA,NA,NA,NA,NA,NA,NA,NA,NA,NA,NA,NA,NA,NA,NA,NA,NA,NA,NA,NA,NA,NA,NA,NA,A/G,Y,1,NA,N,0,0,1,2,2,6,3,5,2,5,1,5,2,5,2,5,2,4,2,4,2,3,2,4,2,5,2,3,2,4,1,5,2,5,2,4,2,5,2,5,2,5,5,6,4,6,4,6,5,6,6,6,5,6,5,6,6,6,6,6,5,5,5,3,3,4,4,4,5,4,4,3,5,5,3,3,5,5,4,5,5,5,5,5,5,5,5,4,1,0,1,0,0,0,0,1,1,0,2,2,4,1,1,2,2,1,1,1,1,1,0,0,0,0,1,0,37,87,50,46,54,8,58,1,1
54,0,4,*1/*2,N,0,*1/*1,N,0,*1/*4+*68,1,N,0,*1/*3,Y,1,C/T,Y,1,*1/*1,N,0,Negative,N,0,TT,N,0,Negative,N,0,Negative,N,0,C/C,N,0,*1/*1,N,0,*28/*28,Y,1,A/G,Y,1,NA,Y,3,3,0,4,4,5,5,5,4,6,4,5,3,5,3,4,3,3,3,5,3,4,4,5,3,4,3,3,3,5,3,5,3,3,3,5,1,3,1,3,1,2,2,5,2,4,2,4,3,5,5,5,5,5,5,5,5,5,4,4,5,3,5,3,3,4,2,4,5,3,4,4,4,3,5,2,2,2,3,4,4,2,2,3,3,3,2,4,1,1,0,0,1,1,0,1,0,1,1,2,4,3,1,1,2,1,0,0,1,0,0,0,1,0,0,0,57,80,23,33,42,9,32,1,1
55,0,2,*1/*17,N,0,*1/*2,N,0,NA,NA,NA,NA,NA,NA,NA,NA,NA,NA,NA,NA,NA,NA,NA,NA,NA,NA,NA,NA,NA,NA,NA,NA,NA,NA,NA,NA,NA,NA,NA,NA,NA,NA,A/G,Y,1,NA,N,0,0,0,2,1,4,1,5,3,6,3,5,1,5,1,5,1,4,1,5,1,5,2,5,1,5,2,5,1,4,1,4,1,4,1,5,1,5,1,5,1,5,4,6,4,6,4,6,5,6,4,6,4,4,4,4,5,6,4,5,3,3,5,5,2,2,1,2,2,3,2,2,1,1,1,1,1,1,6,4,5,6,6,5,5,6,6,4,1,1,1,1,1,0,1,1,1,1,2,2,4,3,2,3,1,1,1,1,1,0,1,1,0,1,1,1,25,91,66,38,49,11,77,1,1
56,1,2,*1/*17,N,0,*1/*1,N,0,NA,NA,NA,NA,NA,NA,NA,NA,NA,NA,NA,NA,NA,NA,NA,NA,NA,NA,NA,NA,NA,NA,NA,NA,NA,NA,NA,NA,NA,NA,NA,NA,NA,NA,A/G,Y,1,NA,N,0,0,1,2,5,5,1,4,4,5,3,4,1,3,1,4,1,3,2,4,1,2,1,3,1,3,1,1,1,4,1,4,1,4,1,4,1,5,1,5,2,5,3,5,4,5,4,5,3,5,5,5,4,4,4,5,5,5,4,5,5,4,3,4,4,5,2,3,2,2,2,2,2,2,3,3,4,3,4,4,4,4,5,5,4,4,4,4,1,1,1,1,0,0,0,0,0,0,2,2,4,1,2,2,2,1,1,0,1,0,0,0,0,0,1,0,30,72,42,36,44,8,50,1,1
57,1,4,*1/*1,N,0,*1/*1,N,0,*4/*35,1,N,0,*3/*3,N,0,T/T,N,0,*1/*1,N,0,Negative,N,0,TT,N,0,Negative,N,0,Negative,N,0,C/C,N,0,*1/*1,N,0,*1/*1,N,0,G/G,N,0,NA,N,0,0,1,4,4,5,5,5,5,5,4,5,5,5,5,5,5,5,5,5,5,5,5,5,5,5,5,5,4,4,4,4,4,4,4,4,4,4,4,4,4,4,4,4,4,4,4,4,4,4,5,5,5,5,5,5,4,4,5,5,5,4,3,3,3,3,2,3,3,3,3,4,3,3,3,3,3,3,3,3,3,3,2,2,2,2,2,4,1,0,0,0,0,0,0,0,1,0,2,2,4,3,2,3,2,1,1,1,0,0,1,0,1,0,1,1,86,88,2,40,40,0,2,1,1
58,0,3,*2/*2,N,1,*1/*1,N,0,*10/*10+*36,0.5,N,0,*1/*1,Y,1,C/T,Y,1,*1/*1,N,0,Negative,N,0,Positive,Y,3,Negative,N,0,Negative,N,0,C/C,N,0,*1/*1,N,0,*1/*1,N,0,A/G,Y,1,NA,Y,3,6,0,3,4,5,4,5,3,5,4,6,2,4,4,5,1,3,4,5,3,5,4,6,1,4,1,4,2,5,1,4,2,5,1,4,1,4,1,5,2,5,4,6,5,5,5,6,5,5,6,6,5,6,5,5,5,6,5,6,3,4,5,4,4,5,3,4,4,5,4,3,4,4,3,2,2,3,4,5,6,5,6,6,6,6,6,4,1,1,1,0,0,0,0,0,1,0,2,2,4,3,3,4,2,1,1,1,0,1,0,1,0,0,1,1,45,89,44,45,51,6,50,1,1
59,1,3,*2/*17,Y,0,*1/*1,N,0,*1/*10+*36,1.25,N,0,*1/*3,Y,1,T/T,N,0,*1/*1,N,0,Negative,N,0,Negative,N,0,Negative,N,0,Negative,N,0,C/C,N,0,*1/*1,N,0,*1/*28,N,0,A/G,Y,1,NA,Y,2,1,1,3,1,4,1,5,1,5,1,5,1,5,1,5,1,1,1,1,1,3,1,5,1,5,1,5,1,5,1,5,1,5,1,5,1,5,1,5,1,5,6,6,6,6,6,6,6,6,6,6,3,3,3,3,6,6,6,6,6,2,2,5,2,5,2,2,1,2,2,5,5,2,3,2,2,2,5,5,5,5,5,5,5,5,5,4,1,1,0,1,0,0,0,0,1,0,1,2,3,3,1,2,2,1,0,0,1,0,0,0,0,1,0,1,19,84,65,48,48,0,65,0,1
60,1,4,*1/*2,N,0,*1/*2,N,0,*1/*9,1.5,N,0,*3/*3,N,0,T/T,N,0,*1/*1,N,0,Negative,N,0,TT,N,0,Negative,N,0,Negative,N,0,C/C,N,0,*1/*1,N,0,*1/*1,N,0,G/G,N,0,NA,N,0,0,1,4,3,6,2,4,3,5,4,5,2,5,2,5,2,4,3,5,4,5,4,5,3,4,3,4,3,5,3,5,3,5,3,5,2,4,2,5,2,4,5,5,5,5,5,5,5,6,6,6,6,6,5,5,6,6,6,6,5,4,4,4,3,3,4,4,5,5,3,4,3,3,3,4,4,2,3,3,3,1,1,2,2,1,1,3,1,0,1,1,0,1,0,1,1,0,2,3,3,1,1,2,2,2,1,0,1,1,0,1,0,1,1,0,53,90,37,49,50,1,38,1,1
61,0,3,*2/*2,N,1,*1/*1,N,0,*1/*10,1.25,N,0,*1/*3,Y,1,C/T,Y,1,*1/*1,N,0,Negative,N,0,Negative,N,0,Negative,N,0,Negative,N,0,C/C,N,0,*1/*3C,Y,2,*1/*1,N,0,A/G,Y,1,NA,Y,3,5,0,3,5,6,3,5,2,5,3,4,3,5,3,4,2,4,1,4,1,3,1,3,2,4,3,5,1,4,2,4,3,5,1,3,1,3,2,4,1,3,4,6,3,5,5,6,6,6,5,6,5,6,4,6,5,6,6,6,6,3,4,4,3,4,3,2,1,3,2,3,3,4,2,3,1,1,4,3,3,5,6,3,4,5,6,4,1,0,1,1,1,0,0,0,1,0,2,2,3,2,2,1,2,1,0,0,0,0,0,0,1,0,1,0,40,78,38,43,53,10,48,0,1
62,0,3,*1/*1,N,0,*1/*1,N,0,*1/*4+*68,1,N,0,*3/*3,N,0,C/T,Y,1,*1/*1,N,0,Positive,Y,1,Negative,N,0,Negative,N,0,Negative,N,0,C/C,N,0,*1/*1,N,0,*28/*28,Y,1,A/G,Y,1,NA,Y,3,3,0,3,4,2,4,5,2,5,1,5,1,4,1,4,1,4,1,4,1,5,1,5,1,4,1,4,1,4,1,4,1,4,1,4,1,4,1,4,1,4,4,5,5,6,5,6,5,6,6,6,6,6,6,6,6,6,6,6,3,5,5,5,4,3,2,2,2,3,1,2,2,2,2,2,2,2,5,5,5,5,5,6,6,6,6,4,1,1,1,1,1,0,1,0,1,0,2,2,3,3,1,3,1,1,1,0,0,1,0,0,0,0,0,0,26,79,53,49,53,4,57,0,0
63,1,2,*1/*1,N,0,*1/*1,N,0,NA,NA,NA,NA,NA,NA,NA,NA,NA,NA,NA,NA,NA,NA,NA,NA,NA,NA,NA,NA,NA,NA,NA,NA,NA,NA,NA,NA,NA,NA,NA,NA,NA,NA,A/G,Y,1,NA,N,0,0,1,2,6,6,2,5,3,4,3,4,1,4,2,4,1,4,1,4,1,3,3,4,3,4,2,4,1,4,1,4,1,4,1,4,1,4,1,4,1,4,3,4,4,5,4,5,5,6,5,6,6,6,4,6,4,6,5,6,6,6,5,4,5,4,5,5,5,5,4,4,5,5,4,4,4,4,4,4,5,5,5,5,5,5,5,5,1,1,1,1,0,1,0,1,1,0,2,2,3,1,1,1,2,1,1,0,1,1,1,1,0,0,0,1,35,78,43,40,50,10,53,1,1
64,1,1,*1/*2,N,0,*1/*1,N,0,*1/*17,1.5,N,0,*3/*3,N,0,T/T,N,0,NA,NA,NA,NA,NA,NA,NA,NA,NA,NA,NA,NA,NA,NA,NA,NA,NA,NA,NA,NA,NA,NA,NA,NA,G/G,N,0,NA,N,0,0,1,1,2,6,3,5,3,5,3,5,1,5,1,5,1,5,2,5,2,5,2,5,1,5,2,5,1,5,1,5,1,5,1,5,1,4,1,4,1,4,4,6,4,6,4,6,4,6,5,6,5,6,5,6,5,6,5,6,2,5,3,3,4,4,3,3,4,3,3,4,3,4,3,4,4,3,5,6,6,6,6,6,6,6,6,3,1,1,1,1,1,0,1,1,1,1,2,2,3,3,1,3,2,1,1,1,1,1,1,1,1,1,1,1,30,93,63,41,54,13,76,1,1
65,1,1,*1/*1,N,0,*1/*2,N,0,*4/*4,0,Y,3,*3/*3,N,0,T/T,N,0,NA,NA,NA,NA,NA,NA,NA,NA,NA,NA,NA,NA,NA,NA,NA,NA,NA,NA,NA,NA,NA,NA,NA,NA,A/G,Y,1,NA,Y,1,3,1,1,6,6,5,5,5,5,3,5,5,5,5,6,3,5,3,6,6,6,4,5,1,3,2,3,3,5,3,4,2,4,1,1,1,2,2,5,1,2,2,3,2,3,3,3,5,5,5,5,5,5,5,5,5,6,5,6,6,6,6,6,4,5,4,4,4,3,1,5,5,3,4,2,3,3,3,1,1,4,5,5,5,5,6,2,1,0,1,0,0,0,0,0,1,1,1,2,4,3,2,2,1,1,0,1,1,1,0,1,0,0,1,1,61,83,22,37,41,4,26,1,1
66,1,1,*1/*1,N,0,*1/*1,N,0,*10/*41,0.75,N,0,*3/*3,N,0,T/T,N,0,NA,NA,NA,NA,NA,NA,NA,NA,NA,NA,NA,NA,NA,NA,NA,NA,NA,NA,NA,NA,NA,NA,NA,NA,A/A,Y,1,NA,N,0,0,1,1,2,5,3,4,3,4,2,4,1,2,1,2,2,3,2,3,2,3,2,3,2,3,2,3,2,3,2,3,2,3,2,4,2,3,2,3,3,4,1,4,4,4,4,4,4,4,4,4,4,4,4,4,5,5,5,5,4,4,4,3,2,2,2,3,5,4,1,4,5,5,4,2,2,2,3,3,3,5,5,5,5,5,5,5,1,0,0,0,0,0,0,1,1,1,2,2,3,3,1,4,2,1,0,0,1,0,0,1,0,0,1,1,39,62,23,35,38,3,26,0,0
67,0,2,*1/*2,N,0,*1/*1,N,0,NA,NA,NA,NA,NA,NA,NA,NA,NA,NA,NA,NA,NA,NA,NA,NA,NA,NA,NA,NA,NA,NA,NA,NA,NA,NA,NA,NA,NA,NA,NA,NA,NA,NA,A/G,Y,1,NA,N,0,0,0,2,5,2,4,1,3,3,1,4,3,3,3,2,1,3,1,4,1,3,1,4,1,4,2,4,1,4,1,4,1,4,1,4,1,4,1,4,1,4,1,5,3,4,3,4,3,5,4,5,4,5,4,5,4,5,4,5,6,6,6,6,6,6,6,6,6,6,6,6,6,6,6,6,6,6,6,6,6,6,6,6,6,6,6,4,0,0,1,0,0,1,0,0,1,0,1,2,3,2,1,1,2,1,0,0,0,1,0,0,0,1,0,0,33,65,32,30,43,13,45,0,0
68,0,4,*1/*17,N,0,*1/*1,N,0,*2A/*4,1,N,0,*1/*1,Y,1,T/T,N,0,*1/*1,N,0,Negative,N,0,TT,N,0,Negative,N,0,Negative,N,0,C/C,N,0,*1/*1,N,0,*1/*1,N,0,A/G,Y,1,NA,Y,1,1,0,4,2,4,1,3,3,4,2,3,1,3,1,3,3,5,3,5,3,4,2,3,2,4,1,3,3,5,3,5,3,5,1,2,2,4,2,4,1,3,5,5,4,5,5,6,5,6,6,6,6,6,5,4,6,6,6,6,3,3,3,4,2,4,3,3,5,4,4,3,2,2,2,4,4,3,3,3,2,1,1,1,1,1,1,4,1,0,0,0,0,0,0,0,1,0,2,2,3,1,2,2,2,1,1,0,1,0,0,0,0,0,0,1,39,72,33,48,50,2,35,1,1
69,0,3,*17/*17,N,0,*1/*1,N,0,*1/*35,2,N,0,*3/*3,N,0,T/T,N,0,*1/*1,N,0,Negative,N,0,Negative,N,0,Negative,N,0,Negative,N,0,C/C,N,0,*1/*1,N,0,*1/*1,N,0,A/G,Y,1,NA,N,0,0,0,3,3,5,5,6,1,6,4,5,3,6,2,6,3,4,3,4,3,4,3,5,2,5,3,6,4,6,3,5,2,4,2,6,2,6,3,5,3,5,4,6,3,6,3,6,4,6,5,6,5,6,5,6,5,6,5,6,3,4,4,1,3,3,2,2,4,2,4,3,3,3,4,3,3,4,4,3,5,6,6,6,6,6,6,5,1,1,1,0,0,0,0,0,1,0,1,2,4,3,2,2,2,2,0,0,0,0,0,0,0,0,1,0,54,99,45,39,54,15,60,1,1
70,0,4,*1/*2,N,0,*1/*1,N,0,*1/*2A,2,N,0,*3/*3,N,0,T/T,N,0,*1/*1,N,0,Positive,Y,1,TT,N,0,Negative,N,0,Negative,N,0,C/C,N,0,*1/*3A,Y,2,*1/*1,N,0,A/G,Y,1,NA,Y,2,3,0,4,2,5,1,5,2,5,1,6,1,5,2,5,1,4,2,5,1,5,1,5,1,5,1,5,1,4,1,5,1,5,1,5,1,4,1,5,1,4,4,5,4,5,4,4,2,5,6,6,6,6,6,6,6,6,6,6,4,3,4,3,3,4,3,3,3,3,4,3,4,4,4,4,5,3,2,1,1,3,1,1,1,1,1,4,1,0,1,1,1,0,0,0,1,1,1,2,4,1,2,1,2,1,0,0,0,0,0,0,0,0,0,1,23,92,69,44,49,5,74,1,1
71,1,1,*1/*1,N,0,*1/*1,N,0,*1/*1,2,N,0,*3/*3,N,0,T/T,N,0,NA,NA,NA,NA,NA,NA,NA,NA,NA,NA,NA,NA,NA,NA,NA,NA,NA,NA,NA,NA,NA,NA,NA,NA,A/G,Y,1,NA,N,0,0,1,1,4,5,4,5,3,4,4,4,4,4,4,6,3,4,3,4,4,5,4,5,4,5,3,4,4,5,4,5,4,4,4,4,4,4,4,4,4,5,5,5,5,4,4,5,4,5,4,6,5,5,6,6,6,6,5,6,3,4,5,4,4,4,4,4,4,4,4,4,4,4,4,4,4,4,4,4,4,4,4,4,4,4,4,4,0,0,0,0,0,0,0,1,0,0,2,2,4,3,3,3,2,1,0,0,0,0,0,0,0,0,1,1,72,86,14,44,48,4,18,1,0
72,1,3,*1/*1,N,0,*1/*1,N,0,*1/*10+*36,1.25,N,0,*1/*1,Y,1,T/T,N,0,*1/*1,N,0,Negative,N,0,Negative,N,0,Negative,N,0,Negative,N,0,C/C,N,0,*1/*1,N,0,*1/*1,N,0,A/A,Y,1,NA,Y,1,1,1,3,3,5,2,2,2,4,3,4,2,5,3,5,2,2,4,5,4,4,4,5,2,3,3,5,2,4,2,4,2,4,2,5,3,3,3,3,3,3,3,3,6,6,6,6,6,6,6,6,1,1,5,5,6,6,6,6,2,3,5,2,3,4,2,2,3,3,3,3,4,4,4,2,5,3,2,3,3,6,5,1,4,6,4,2,1,0,0,0,0,1,0,0,0,0,1,2,4,1,1,1,2,1,1,0,0,0,0,0,0,0,1,0,51,75,24,45,45,0,24,1,1
73,1,1,*1/*2,N,0,*1/*1,N,0,*10/*10,0.5,N,0,*1/*3,Y,1,C/T,Y,1,NA,NA,NA,NA,NA,NA,NA,NA,NA,NA,NA,NA,NA,NA,NA,NA,NA,NA,NA,NA,NA,NA,NA,NA,A/G,Y,1,NA,Y,2,2,1,1,3,5,2,4,3,3,4,5,3,4,3,4,3,4,3,4,3,4,3,4,3,4,3,3,2,4,2,4,2,4,2,4,1,3,1,4,1,3,5,4,5,4,5,4,6,6,5,5,5,5,5,5,5,6,5,5,2,2,2,2,2,2,4,4,4,4,3,2,4,4,4,4,4,2,3,3,3,5,5,5,5,5,5,2,1,1,1,0,0,0,0,1,1,1,2,2,3,3,2,2,2,1,1,0,1,0,0,0,0,0,1,0,47,74,27,46,44,-2,25,0,1
74,0,4,*1/*17,N,0,*1/*3,N,0,*1/*41,1.5,N,0,*3/*3,N,0,C/T,Y,1,*1/*1,N,0,Negative,N,0,TT,N,0,Negative,N,0,Negative,N,0,C/C,N,0,*1/*1,N,0,*1/*1,N,0,A/A,Y,1,NA,Y,1,1,0,4,2,5,3,6,1,5,2,4,1,5,1,5,2,4,2,4,2,5,2,5,1,4,1,4,1,5,1,5,1,4,1,5,1,5,1,4,1,4,3,5,4,5,4,5,3,5,4,6,4,6,4,6,5,6,6,6,6,5,4,4,2,2,3,3,3,3,3,4,4,4,2,2,2,1,3,3,3,2,1,1,1,1,1,5,1,0,0,0,0,0,0,0,0,0,1,2,4,1,2,3,1,2,1,1,0,0,1,0,0,0,0,0,27,88,61,37,50,13,74,1,1
75,0,4,*1/*2,N,0,*1/*1,N,0,*10+*36/*14,0.75,N,0,*3/*3,N,0,C/T,Y,1,*1/*1,N,0,Negative,N,0,TT,N,0,Negative,N,0,Negative,N,0,C/T,Y,2,*1/*3C,Y,2,*1/*1,N,0,A/A,Y,1,NA,Y,3,5,0,4,3,4,4,4,3,3,4,4,4,5,4,4,4,4,4,4,4,5,4,4,4,4,4,5,4,5,4,5,4,5,4,5,3,4,2,4,2,4,4,5,4,5,4,5,5,5,5,5,5,5,5,5,5,5,5,5,6,6,6,6,5,5,4,5,4,5,4,5,5,5,4,4,4,4,2,2,2,2,2,2,2,2,2,5,1,1,1,0,0,1,0,1,0,0,2,2,3,3,1,2,2,1,1,0,0,1,0,0,0,1,1,0,69,82,13,42,45,3,16,1,0
76,0,4,*1/*1,N,0,*1/*1,N,0,*1/*1,2,N,0,*3/*3,N,0,T/T,N,0,*1/*1,N,0,Negative,N,0,TT,N,0,Negative,N,0,Negative,N,0,C/C,N,0,*1/*1,N,0,*1/*1,N,0,A/A,Y,1,NA,N,0,0,0,4,3,4,3,5,2,5,2,6,3,3,3,5,2,3,2,4,3,5,3,6,3,4,2,2,3,6,3,6,2,6,3,4,3,4,3,5,1,3,5,6,4,6,5,6,6,6,6,6,4,6,4,5,5,6,6,6,3,4,3,4,4,4,3,3,3,3,3,3,3,4,4,3,4,3,3,3,3,3,1,3,1,2,2,5,1,1,0,0,0,1,0,1,1,1,2,2,3,3,3,3,2,1,0,0,1,0,0,0,0,1,0,0,49,86,37,45,53,8,45,0,1
77,0,2,*1/*17,N,0,*1/*1,N,0,NA,NA,NA,NA,NA,NA,NA,NA,NA,NA,NA,NA,NA,NA,NA,NA,NA,NA,NA,NA,NA,NA,NA,NA,NA,NA,NA,NA,NA,NA,NA,NA,NA,NA,A/G,Y,1,NA,N,0,0,0,2,3,6,4,6,3,5,3,5,2,6,3,5,2,5,2,5,3,5,2,6,2,5,2,5,3,6,3,6,4,6,2,5,1,5,2,5,2,5,4,6,3,5,4,5,4,6,4,5,4,3,5,4,5,5,5,5,4,4,3,2,2,3,2,2,3,4,2,2,3,4,2,1,2,2,4,5,4,6,5,4,5,6,6,5,1,1,1,1,0,0,0,0,1,0,2,2,3,1,2,2,2,1,0,1,1,1,0,0,0,0,0,1,48,102,54,38,44,6,60,0,1
78,0,2,*1/*1,N,0,*1/*1,N,0,NA,NA,NA,NA,NA,NA,NA,NA,NA,NA,NA,NA,NA,NA,NA,NA,NA,NA,NA,NA,NA,NA,NA,NA,NA,NA,NA,NA,NA,NA,NA,NA,NA,NA,A/G,Y,1,NA,N,0,0,0,2,5,6,4,5,4,5,5,6,4,5,4,6,3,5,3,5,4,4,4,5,4,4,4,4,4,5,4,5,4,5,3,4,2,4,2,4,2,4,3,5,5,5,5,5,5,6,6,6,6,6,6,6,6,6,6,6,5,5,5,5,5,5,4,4,4,4,4,3,3,3,3,3,3,3,4,4,4,4,4,4,4,4,4,3,1,1,0,0,0,0,1,0,1,0,1,2,4,3,2,2,2,1,0,0,0,1,0,0,0,1,0,0,69,91,22,48,51,3,25,0,1
79,1,1,*1/*2,N,0,*1/*1,N,0,*10/*10,0.5,N,0,*3/*3,N,0,T/T,N,0,NA,NA,NA,NA,NA,NA,NA,NA,NA,NA,NA,NA,NA,NA,NA,NA,NA,NA,NA,NA,NA,NA,NA,NA,A/G,Y,1,NA,N,0,0,1,1,5,6,4,5,4,5,4,5,4,5,4,5,4,5,4,5,4,5,4,5,4,5,4,5,4,5,4,5,4,5,4,5,4,5,4,5,4,5,3,5,3,5,4,5,4,6,5,6,5,6,5,6,5,6,5,6,6,5,5,5,3,3,3,4,2,3,1,3,2,3,2,1,2,2,4,4,4,4,5,4,4,4,4,2,1,1,1,1,0,1,1,1,1,1,2,2,3,3,1,1,2,1,1,1,0,0,0,0,1,1,0,1,77,96,19,39,51,12,31,1,1
80,0,2,*2/*2,N,1,*1/*1,N,0,NA,NA,NA,NA,NA,NA,NA,NA,NA,NA,NA,NA,NA,NA,NA,NA,NA,NA,NA,NA,NA,NA,NA,NA,NA,NA,NA,NA,NA,NA,NA,NA,NA,NA,A/A,Y,1,NA,N,0,1,0,2,5,6,2,4,4,6,1,1,3,5,4,4,3,3,4,5,3,3,4,4,1,3,4,4,3,4,1,3,3,3,3,4,3,4,1,4,1,3,4,4,5,5,5,5,5,5,5,5,5,4,4,4,5,5,6,6,2,4,5,2,3,4,4,5,5,5,3,3,4,4,4,3,3,3,4,5,5,5,5,5,5,6,6,5,1,1,0,1,0,0,0,1,1,1,2,2,4,1,1,2,1,1,1,0,0,0,1,0,0,0,1,0,53,73,20,44,43,-1,19,1,1
81,1,1,*2/*17,Y,0,*1/*1,N,0,*1/*2,2,N,0,*3/*3,N,0,T/T,N,0,NA,NA,NA,NA,NA,NA,NA,NA,NA,NA,NA,NA,NA,NA,NA,NA,NA,NA,NA,NA,NA,NA,NA,NA,A/G,Y,1,NA,Y,1,0,1,1,1,4,2,5,5,6,3,4,3,4,3,4,2,2,2,4,2,5,2,5,2,4,2,3,3,4,2,5,2,5,2,5,2,4,2,3,2,4,4,4,3,4,3,3,5,5,5,6,4,5,4,5,5,5,5,5,5,4,5,3,3,3,3,2,2,3,1,3,3,3,3,3,3,3,4,4,4,5,5,4,4,3,4,2,0,1,1,1,0,1,0,0,1,0,2,2,4,1,1,2,2,1,1,1,1,0,0,1,1,1,1,0,44,80,36,38,42,4,40,1,0
82,0,4,*2/*17,Y,0,*1/*1,N,0,*1/*1,2,N,0,*1/*3,Y,1,T/T,N,0,*1/*1,N,0,Negative,N,0,TT,N,0,Negative,N,0,Negative,N,0,C/C,N,0,*1/*1,N,0,*1/*28,N,0,A/G,Y,1,NA,Y,2,1,0,4,5,5,3,5,4,4,4,4,4,4,4,4,3,4,4,4,4,4,4,4,4,4,4,4,3,3,4,4,3,3,3,3,3,4,3,4,3,4,4,4,4,4,3,4,3,4,5,5,5,5,4,5,4,5,5,5,6,5,4,5,2,2,4,4,3,4,4,3,3,3,4,3,3,3,3,2,2,1,2,2,2,2,2,5,0,0,1,0,0,0,0,0,0,1,1,2,3,1,1,1,2,1,0,1,0,1,0,0,0,1,1,0,69,75,6,37,41,4,10,0,1
83,1,1,*1/*2,N,0,*1/*1,N,0,*10/*10,0.5,N,0,*3/*3,N,0,T/T,N,0,NA,NA,NA,NA,NA,NA,NA,NA,NA,NA,NA,NA,NA,NA,NA,NA,NA,NA,NA,NA,NA,NA,NA,NA,A/A,Y,1,NA,N,0,0,1,1,4,4,4,5,4,4,3,3,3,3,4,4,4,4,4,4,3,3,3,4,2,3,3,4,3,3,3,3,3,5,3,4,2,3,2,3,3,4,4,4,4,4,4,4,4,4,4,4,2,2,3,3,4,4,5,5,3,5,4,2,2,2,1,1,2,2,1,2,3,3,4,2,4,2,4,5,5,5,5,5,5,6,5,3,0,0,0,1,0,0,0,0,1,0,1,3,4,3,2,3,2,1,0,0,0,0,0,0,0,0,1,0,60,70,10,34,34,0,10,1,1
84,1,4,*1/*1,N,0,*1/*3,N,0,*1/*1,2,N,0,*3/*3,N,0,T/T,N,0,*1/*1,N,0,Negative,N,0,TT,N,0,Negative,N,0,Negative,N,0,C/C,N,0,*1/*1,N,0,*1/*1,N,0,A/A,Y,1,NA,N,0,0,1,4,4,6,3,6,3,6,4,6,2,5,2,5,1,4,1,4,4,6,3,6,3,5,3,5,3,5,2,5,3,5,2,5,2,5,2,5,2,5,6,6,6,6,6,6,6,6,6,6,6,6,6,6,6,6,6,6,6,6,6,6,6,6,6,6,6,6,6,4,4,4,4,4,4,4,2,2,2,2,2,2,2,2,2,4,0,1,1,0,0,0,0,0,1,1,2,2,4,1,1,2,1,2,0,0,0,0,0,1,0,0,0,0,49,99,50,54,54,0,50,1,1
85,1,3,*1/*17,N,0,*1/*1,N,0,*2A/*2A,2,N,0,*1/*1,Y,1,C/T,Y,1,*1/*1,N,0,Negative,N,0,Positive,Y,3,Negative,N,0,Positive,Y,1,C/T,Y,2,*1/*1,N,0,*1/*1,N,0,G/G,N,0,NA,Y,5,8,1,3,2,2,2,5,2,4,2,2,2,4,2,2,2,3,2,4,2,3,2,4,2,4,2,4,2,4,2,4,2,4,2,3,2,4,2,4,2,4,5,5,5,5,4,5,5,5,5,5,5,5,5,5,5,5,5,5,6,6,3,3,2,2,2,2,3,2,2,4,3,2,2,3,2,3,5,5,5,5,5,4,4,4,4,4,0,0,0,0,0,1,0,0,1,1,1,3,4,3,2,2,2,1,0,0,0,0,0,0,0,0,0,0,38,68,30,44,45,1,31,0,1
86,1,1,*2/*17,Y,0,*1/*1,N,0,*2/*4,1,N,0,*3/3,N,0,T/T,N,0,NA,NA,NA,NA,NA,NA,NA,NA,NA,NA,NA,NA,NA,NA,NA,NA,NA,NA,NA,NA,NA,NA,NA,NA,A/A,Y,1,NA,Y,1,0,1,1,5,6,3,6,1,6,4,6,1,6,2,6,1,5,1,6,2,4,2,5,1,5,1,4,2,5,2,5,2,5,1,5,1,5,1,6,1,6,3,5,4,6,4,6,5,6,5,6,5,6,5,6,5,6,5,6,3,3,2,1,1,2,2,2,3,3,1,1,3,3,1,1,2,3,4,4,5,5,6,6,6,6,6,2,1,1,1,0,1,0,0,0,1,1,2,2,2,1,2,2,2,1,0,0,0,1,0,0,0,0,0,0,34,102,68,41,53,12,80,0,1
87,0,4,*1/*1,N,0,*1/*2,N,0,*1/*4,1,N,0,*3/*3,N,0,T/T,N,0,*1/*1,N,0,Negative,N,0,TT,N,0,Negative,N,0,Negative,N,0,C/C,N,0,*1/*1,N,0,*1/*28,N,0,G/G,N,0,NA,N,0,0,0,4,4,5,5,6,3,5,3,5,3,5,3,5,2,4,2,4,2,4,3,5,3,5,3,5,4,6,4,6,4,6,4,5,3,5,3,5,3,5,4,5,4,5,4,5,5,6,5,6,5,6,5,6,5,6,5,6,4,4,4,4,2,2,2,2,3,3,2,2,2,2,2,2,2,2,3,3,3,2,2,4,2,3,2,5,1,1,1,1,0,0,1,1,1,0,2,2,4,3,1,2,1,2,1,0,0,0,0,0,0,1,1,0,61,96,35,42,51,9,44,0,1
88,1,1,*1/*17,N,0,*1/*1,N,0,*7/*41,0.5,N,0,*3/*3,N,0,T/T,N,0,NA,NA,NA,NA,NA,NA,NA,NA,NA,NA,NA,NA,NA,NA,NA,NA,NA,NA,NA,NA,NA,NA,NA,NA,A/G,Y,1,NA,N,0,0,1,1,1,4,2,5,1,4,1,5,1,4,1,4,1,3,1,4,1,5,1,5,1,4,1,3,1,5,1,5,1,5,1,4,1,4,1,5,1,5,5,5,4,5,5,5,5,5,5,6,4,5,5,5,5,6,5,6,6,5,4,3,3,2,2,3,2,3,1,2,3,2,2,2,2,3,4,4,4,6,6,6,6,6,6,3,1,1,0,0,0,0,0,0,1,0,2,2,4,4,2,2,2,1,1,1,1,0,1,0,1,1,1,1,20,83,63,43,48,5,68,1,0
89,1,4,*1/*1,N,0,*1/*1,N,0,*1/*1,2,N,0,*3/*3,N,0,C/T,Y,1,*1/*1,N,0,Positive,Y,1,TT,N,0,Negative,N,0,Negative,N,0,C/C,N,0,*1/*1,N,0,*1/*1,N,0,G/G,N,0,NA,Y,2,2,1,4,6,6,5,5,5,5,5,5,6,6,6,6,6,6,6,6,6,6,6,6,6,6,5,5,5,5,5,5,5,5,5,5,5,5,5,5,5,5,6,6,6,6,6,6,6,6,6,6,5,5,5,5,5,5,5,5,5,4,4,4,4,4,5,4,4,4,4,4,5,5,5,5,5,5,1,2,2,1,2,2,2,2,2,5,1,1,0,0,0,1,0,1,1,0,2,3,4,4,2,2,2,2,1,1,0,1,0,0,1,0,0,0,103,103,0,50,50,0,0,1,1
90,1,2,*1/*1,N,0,*1/*1,N,0,NA,NA,NA,NA,NA,NA,NA,NA,NA,NA,NA,NA,NA,NA,NA,NA,NA,NA,NA,NA,NA,NA,NA,NA,NA,NA,NA,NA,NA,NA,NA,NA,NA,NA,A/A,Y,1,NA,N,0,0,1,2,5,6,5,6,6,6,4,4,4,6,5,6,4,4,4,4,4,4,5,5,4,5,4,6,4,6,4,6,4,6,4,5,4,5,4,5,3,5,3,4,2,4,2,4,4,6,4,6,5,6,4,6,5,6,4,6,5,5,5,5,5,5,4,4,4,5,2,5,5,5,3,4,4,3,4,3,3,5,5,5,5,5,5,3,1,1,1,1,1,1,1,1,1,1,1,2,4,3,2,2,2,1,1,0,0,0,0,0,0,0,1,0,81,100,19,33,48,15,34,1,1
91,1,1,*1/*2,N,0,*1/*1,N,0,*1/*1,2,N,0,*3/*3,N,0,T/T,N,0,NA,NA,NA,NA,NA,NA,NA,NA,NA,NA,NA,NA,NA,NA,NA,NA,NA,NA,NA,NA,NA,NA,NA,NA,A/G,Y,1,NA,N,0,0,1,1,1,4,1,4,1,5,1,5,1,3,1,3,1,2,1,1,1,5,1,4,1,2,1,3,1,5,1,5,1,4,1,3,1,1,1,2,1,1,4,5,4,6,4,6,4,6,4,6,4,6,4,4,5,5,5,6,4,4,4,4,2,2,2,2,4,2,1,3,4,4,2,1,1,1,4,4,5,5,5,5,5,6,6,3,1,0,1,0,0,0,0,0,1,0,2,2,3,1,1,3,2,1,1,1,1,0,0,0,1,0,1,0,19,62,43,38,50,12,55,1,1
92,1,1,*1/*3,Y,0,*1/*1,N,0,*2/*41,1.5,N,0,*1/*3,Y,1,T/T,N,0,NA,NA,NA,NA,NA,NA,NA,NA,NA,NA,NA,NA,NA,NA,NA,NA,NA,NA,NA,NA,NA,NA,NA,NA,A/A,Y,1,NA,Y,2,1,1,1,3,4,3,4,3,4,3,4,3,4,3,4,3,4,3,4,3,4,3,4,3,4,3,4,3,4,3,4,3,4,3,4,3,4,3,4,3,4,4,5,4,5,4,5,4,5,4,5,4,5,4,5,4,5,4,5,3,3,3,3,3,3,3,3,3,3,3,3,3,3,3,3,3,3,5,5,5,5,5,5,5,5,5,2,1,1,1,1,1,0,1,1,1,1,2,2,3,1,1,1,2,1,1,1,1,1,0,1,0,1,0,1,57,76,19,36,45,9,28,0,1
93,1,2,*1/*2,N,0,*1/*1,N,0,NA,NA,NA,NA,NA,NA,NA,NA,NA,NA,NA,NA,NA,NA,NA,NA,NA,NA,NA,NA,NA,NA,NA,NA,NA,NA,NA,NA,NA,NA,NA,NA,NA,NA,A/A,Y,1,NA,N,0,0,1,2,3,5,3,3,3,3,3,3,3,3,3,4,3,3,3,4,3,3,3,3,3,3,3,3,3,4,3,4,3,4,3,3,3,3,3,3,3,5,4,4,4,5,4,6,4,6,6,6,4,4,4,4,6,6,4,6,4,4,5,4,4,4,3,3,3,3,3,3,4,4,3,3,3,4,3,3,4,4,4,3,3,4,4,5,1,0,1,1,0,0,0,0,1,0,1,2,3,1,2,1,2,1,1,0,1,1,0,0,0,0,1,1,57,66,9,40,47,7,16,0,1
94,1,1,*1/*1,N,0,*1/*1,N,0,GENE DELETION (*10/*5),0.25,N,0,*1/*1,Y,1,T/T,N,0,NA,NA,NA,NA,NA,NA,NA,NA,NA,NA,NA,NA,NA,NA,NA,NA,NA,NA,NA,NA,NA,NA,NA,NA,A/G,Y,1,NA,Y,1,1,1,1,3,5,5,5,3,4,3,4,3,4,2,3,3,4,4,5,5,6,4,5,2,4,3,4,3,5,3,5,4,5,3,5,3,4,3,4,3,4,4,5,4,5,4,5,5,6,5,6,5,6,5,6,6,6,6,6,4,5,4,4,2,2,2,2,5,4,3,3,3,4,4,3,3,3,5,5,5,6,6,5,4,6,6,3,1,1,1,0,0,1,1,0,1,0,2,2,3,3,2,3,2,1,1,1,0,1,0,0,1,0,0,1,62,85,23,44,51,7,30,1,1
95,1,4,*1/*17,N,0,*1/*1,N,0,*1/*9,1.5,N,0,*1/*3,Y,1,T/T,N,0,*1/*1,N,0,Negative,N,0,TT,N,0,Negative,N,0,Negative,N,0,C/C,N,0,*1/*1,N,0,*1/*1,N,0,A/G,Y,1,NA,Y,1,1,1,4,2,5,2,6,3,6,4,6,1,5,3,5,1,5,1,5,1,4,2,5,1,5,2,5,1,5,1,5,1,6,1,5,1,5,1,5,2,5,5,6,5,6,6,6,5,6,4,6,5,6,6,6,6,6,6,6,4,3,4,5,4,4,3,3,4,3,5,4,5,5,4,3,4,4,2,2,2,2,1,1,1,1,1,5,1,0,0,0,0,0,0,1,1,0,1,2,4,1,2,2,2,1,0,0,1,0,0,0,0,0,1,0,31,98,67,48,54,6,73,1,1
96,1,3,*1/*2,N,0,*1/*1,N,0,*2A/*10,1.25,N,0,*3/*3,N,0,T/T,N,0,*1/*1,N,0,Negative,N,0,Negative,N,0,Negative,N,0,Positive,Y,1,C/C,N,0,*1/*1,N,0,*6/*28,Y,1,A/A,Y,1,NA,Y,2,2,1,3,5,6,5,6,5,6,5,6,5,6,5,6,5,6,5,6,4,5,4,6,4,6,5,5,5,6,5,6,5,6,5,6,5,6,4,6,5,6,5,5,4,5,5,6,6,6,6,6,6,6,5,5,5,6,6,6,4,5,4,4,4,4,4,4,4,3,4,4,4,4,4,4,4,3,4,4,5,5,6,4,3,4,4,4,1,1,1,1,1,0,0,1,1,0,2,3,4,3,2,3,2,1,0,0,0,0,0,0,1,1,1,1,91,112,21,48,51,3,24,1,1
97,1,2,*1/*17,N,0,*1/*1,N,0,NA,NA,NA,NA,NA,NA,NA,NA,NA,NA,NA,NA,NA,NA,NA,NA,NA,NA,NA,NA,NA,NA,NA,NA,NA,NA,NA,NA,NA,NA,NA,NA,NA,NA,A/G,Y,1,NA,N,0,0,1,2,3,5,3,5,4,5,4,5,2,5,3,5,2,4,3,4,5,5,4,5,3,5,3,4,2,5,2,4,3,5,2,5,1,5,2,5,3,3,5,5,5,5,5,5,5,5,5,5,5,5,5,4,5,5,5,5,2,3,4,3,2,2,2,2,3,2,3,3,3,3,3,2,3,3,4,5,5,5,5,5,4,5,5,4,1,1,1,1,1,1,1,1,1,1,2,2,4,1,2,2,2,1,1,1,1,0,1,0,0,0,1,1,54,89,35,45,44,-1,34,1,1
98,1,3,*2/*2,N,1,*1/*1,N,0,*2A/*59,1.5,N,0,*3/*3,N,0,T/T,N,0,*1/*1,N,0,Negative,N,0,Negative,N,0,Negative,N,0,Negative,N,0,C/C,N,0,*1/*3A,Y,2,*1/*1,N,0,G/G,N,0,NA,Y,1,3,1,3,3,6,3,6,3,6,3,6,3,6,3,6,3,5,3,6,3,6,3,5,2,5,3,5,3,6,2,6,2,6,2,6,2,6,2,6,2,5,4,6,4,6,4,6,6,6,6,6,6,6,6,6,6,6,6,6,5,5,2,2,2,2,2,2,2,2,2,2,5,5,2,5,5,2,5,5,5,5,5,4,5,5,5,5,1,1,1,1,1,0,0,0,1,0,1,4,3,1,1,2,2,1,0,1,0,0,0,0,1,1,1,0,50,109,59,48,54,6,65,1,1
99,1,3,*1/*1,N,0,*1/*2,N,0,*1/*4,1,N,0,*3/*3,N,0,T/T,N,0,*1/*1,N,0,Negative,N,0,Negative,N,0,Negative,N,0,Negative,N,0,C/C,N,0,*1/*1,N,0,*1/*1,N,0,G/G,N,0,NA,N,0,0,1,3,2,3,4,6,3,6,2,6,1,5,2,5,2,6,2,5,2,4,2,6,2,5,3,3,1,5,1,5,1,5,2,5,2,3,2,5,2,6,2,5,3,5,3,5,5,6,6,6,5,6,4,6,4,6,3,4,3,5,4,4,3,3,2,2,3,5,3,3,4,5,5,4,4,5,4,5,5,6,6,6,6,5,6,5,1,1,1,1,1,1,1,1,1,1,1,2,4,3,2,2,2,1,1,1,1,0,0,0,0,0,1,0,38,94,56,35,49,14,70,1,1
100,1,1,*1/*1,N,0,*1/*1,N,0,*1/*10,1.25,N,0,*1/*3,Y,1,T/T,N,0,NA,NA,NA,NA,NA,NA,NA,NA,NA,NA,NA,NA,NA,NA,NA,NA,NA,NA,NA,NA,NA,NA,NA,NA,A/A,Y,1,NA,Y,1,1,1,1,4,4,3,2,3,4,3,4,2,3,3,4,1,1,2,2,4,3,3,4,1,1,2,2,1,2,1,2,1,2,1,2,1,1,1,2,1,2,4,5,4,4,4,4,4,3,5,5,5,3,5,4,5,5,5,5,5,1,1,3,2,3,1,1,1,1,1,1,1,1,1,1,2,1,5,4,4,5,6,6,6,6,6,2,1,1,1,1,1,1,0,1,1,1,2,2,4,3,2,2,2,1,1,0,1,1,1,1,0,0,1,1,38,47,9,41,38,-3,6,1,1
101,1,4,*1/*1,N,0,*1/*2,N,0,*1/*6,1,N,0,*3/*3,N,0,T/T,N,0,*1/*1,N,0,Negative,N,0,TT,N,0,Negative,N,0,Negative,N,0,C/C,N,0,*1/*1,N,0,*1/*1,N,0,A/G,Y,1,NA,N,0,0,1,4,5,5,4,5,5,5,5,5,4,5,4,5,4,5,4,5,4,5,4,5,4,5,4,5,4,5,4,5,4,5,4,5,4,5,4,5,4,5,5,5,5,5,5,5,5,5,5,5,5,5,5,5,5,5,5,5,6,4,5,6,5,4,3,3,4,4,1,4,3,3,2,3,3,4,2,1,2,1,2,2,1,2,1,4,0,1,0,0,0,0,0,1,0,0,2,2,3,3,2,4,2,1,1,0,0,0,0,0,0,0,1,0,79,95,16,45,45,0,16,1,1
102,0,2,*2/*17,Y,0,*1/*1,N,0,NA,NA,NA,NA,NA,NA,NA,NA,NA,NA,NA,NA,NA,NA,NA,NA,NA,NA,NA,NA,NA,NA,NA,NA,NA,NA,NA,NA,NA,NA,NA,NA,NA,NA,A/G,Y,1,NA,Y,1,0,0,2,4,5,4,5,5,6,5,6,3,5,3,5,3,4,3,4,4,5,4,5,3,5,4,5,4,5,4,5,4,5,3,5,3,5,3,5,4,5,5,6,5,6,5,6,5,6,5,6,5,5,5,5,6,6,6,6,6,4,5,5,5,5,4,4,4,5,4,5,5,5,4,4,4,4,5,5,5,5,6,6,5,6,6,5,1,1,1,1,1,1,1,1,1,1,1,2,4,1,2,2,2,1,1,1,1,1,0,0,1,1,1,1,70,95,25,47,52,5,30,1,1
103,0,3,*2/*17,Y,0,*1/*1,N,0,*1/*41,1.5,N,0,*3/*3,N,0,T/T,N,0,*1/*1,N,0,Negative,N,0,Negative,N,0,Negative,N,0,Negative,N,0,C/C,N,0,*1/*1,N,0,*1/*1,N,0,G/G,N,0,NA,Y,1,0,0,3,6,6,4,5,4,5,4,5,3,5,2,5,3,4,2,5,2,5,2,5,2,4,2,4,2,5,2,5,2,5,2,5,2,4,2,5,2,4,3,5,4,5,5,5,5,5,5,6,5,5,4,4,5,5,5,6,5,3,2,3,2,2,3,3,3,4,2,2,2,3,3,2,4,1,4,4,5,5,6,6,6,6,6,2,1,1,0,1,0,0,0,1,1,1,2,2,3,1,1,1,2,2,0,0,1,1,0,0,0,1,1,1,50,91,41,41,46,5,46,0,1
104,1,3,*1/*1,N,0,*1/*3,N,0,*5/*9,0.5,N,0,*3/*3,N,0,C/T,Y,1,*1/*1,N,0,Negative,N,0,Negative,N,0,Positive,Y,1,Negative,N,0,C/C,N,0,*1/*1,N,0,*1/*1,N,0,A/G,Y,1,NA,Y,2,2,1,3,5,6,3,5,2,5,3,4,1,4,1,4,2,3,2,4,3,5,3,5,3,4,3,5,3,5,2,4,3,5,3,3,3,4,3,4,3,4,4,4,4,4,4,5,4,4,5,6,3,4,4,5,5,6,6,6,5,4,2,2,2,2,2,2,2,2,2,4,4,4,3,2,2,2,5,4,4,5,5,4,5,4,4,3,1,1,1,0,1,0,1,1,1,0,2,3,3,4,2,2,2,1,1,1,1,0,1,0,1,1,1,0,51,83,32,39,44,5,37,1,1
105,0,4,*1/*17,N,0,*1/*3,N,0,*1/*2A,2,N,0,*3/*3,N,0,T/T,N,0,*1/*1,N,0,Negative,N,0,TT,N,0,Negative,N,0,Negative,N,0,C/C,N,0,*1/*1,N,0,*1/*1,N,0,G/G,N,0,NA,N,0,0,0,4,4,6,4,5,3,6,3,5,1,4,2,5,1,4,1,4,3,5,2,6,1,4,1,5,1,5,1,5,1,5,1,5,1,3,3,5,2,5,5,6,3,4,3,3,4,6,4,6,4,6,5,6,6,6,6,6,4,3,3,2,1,3,4,5,6,5,4,4,4,3,2,2,3,1,2,3,3,1,1,3,3,2,2,5,1,1,0,0,0,0,0,0,1,1,1,2,4,3,2,2,2,1,1,1,1,1,0,1,0,0,1,1,36,92,56,40,49,9,65,0,1
106,0,4,*1/*2,N,0,*1/*2,N,0,*1/*1,2,N,0,*3/*3,N,0,T/T,N,0,*1/*1,N,0,Negative,N,0,TT,N,0,Negative,N,0,Negative,N,0,C/T,Y,2,*1/*1,N,0,*1/*28,N,0,G/G,N,0,NA,Y,1,2,0,4,4,4,4,4,4,4,4,4,4,4,4,4,3,3,3,3,2,2,3,3,2,2,3,3,4,4,4,4,4,4,3,3,4,4,3,3,2,2,5,5,5,5,4,4,5,5,5,5,4,4,4,4,4,4,4,4,5,5,5,4,5,4,5,5,4,4,4,5,5,5,5,4,5,3,2,3,3,2,2,2,2,2,2,4,1,1,1,1,1,1,1,1,1,1,1,2,4,3,2,2,2,1,1,1,1,0,0,0,0,0,1,1,64,64,0,40,40,0,0,0,1
107,0,4,*1/*1,N,0,*2/*2,Y,1,*1/*2,2,N,0,*1/*3,Y,1,T/T,N,0,*1/*1,N,0,Negative,N,0,TT,N,0,Negative,N,0,Negative,N,0,C/C,N,0,*1/*1,N,0,*1/*28,N,0,A/G,Y,1,NA,Y,2,2,0,4,1,4,2,4,1,4,1,4,1,4,1,4,1,4,1,4,1,3,1,4,1,3,1,3,1,4,1,3,1,3,1,3,1,3,1,3,1,3,2,5,3,5,3,6,3,6,4,6,3,5,3,5,4,6,5,6,3,4,4,3,2,2,2,2,2,3,3,2,3,3,2,2,2,2,2,2,2,2,2,2,2,2,2,2,1,0,0,0,1,0,0,0,0,0,2,2,3,3,2,3,2,1,0,0,0,0,0,0,1,0,1,0,20,67,47,30,50,20,67,0,1
108,1,4,*1/*1,N,0,*1/*1,N,0,*1/*41,1.5,N,0,*3/*3,N,0,T/T,N,0,*1/*1,N,0,Negative,N,0,TT,N,0,Positive,Y,1,Negative,N,0,C/C,N,0,*1/*1,N,0,*28/*28,Y,1,A/G,Y,1,NA,Y,2,2,1,4,3,5,5,5,4,6,2,5,1,5,1,5,2,5,2,6,3,6,1,4,1,5,2,5,2,5,2,5,2,5,1,5,1,4,1,5,1,5,6,6,6,6,6,6,6,6,6,6,6,6,6,6,6,6,6,6,5,5,5,5,2,2,2,2,2,4,3,3,2,2,2,1,1,2,1,2,1,1,1,1,1,1,1,3,1,1,1,1,1,1,1,1,1,1,2,2,4,3,4,3,1,2,0,0,0,1,0,0,0,0,1,1,37,96,59,54,54,0,59,0,1
109,0,2,*1/*1,N,0,*1/*1,N,0,NA,NA,NA,NA,NA,NA,NA,NA,NA,NA,NA,NA,NA,NA,NA,NA,NA,NA,NA,NA,NA,NA,NA,NA,NA,NA,NA,NA,NA,NA,NA,NA,NA,NA,G/G,N,0,NA,N,0,0,0,2,1,2,1,4,1,4,1,3,1,2,1,2,1,4,1,5,1,4,1,4,1,4,1,4,1,4,1,4,1,4,1,4,1,3,1,5,1,5,4,6,5,6,5,6,5,6,5,6,4,6,4,6,4,5,5,6,2,4,3,3,2,2,2,2,2,2,2,2,2,2,2,2,2,3,6,5,6,6,6,6,6,6,6,4,1,0,0,1,0,0,0,1,1,0,2,2,3,2,1,1,1,1,1,0,0,0,0,0,0,0,0,0,19,71,52,41,53,12,64,1,1
110,0,1,*1/*1,N,0,*1/*2,N,0,*2/*41,1.5,N,0,*3/*3,N,0,T/T,N,0,NA,NA,NA,NA,NA,NA,NA,NA,NA,NA,NA,NA,NA,NA,NA,NA,NA,NA,NA,NA,NA,NA,NA,NA,A/G,Y,1,NA,N,0,0,0,1,3,4,2,5,1,5,1,4,1,5,1,4,1,4,1,4,1,4,1,5,1,4,1,5,1,5,1,5,1,5,1,6,1,5,1,5,1,5,4,5,5,6,5,6,6,6,6,6,5,5,4,5,5,6,6,6,2,3,1,1,1,1,1,1,1,2,1,1,1,1,1,1,1,1,4,4,4,6,6,6,5,5,6,2,1,1,1,1,1,0,1,0,1,1,2,2,4,3,2,3,2,1,0,0,0,0,0,1,0,0,1,1,22,89,67,46,51,5,72,1,1
111,0,3,*1/*2,N,0,*1/*1,N,0,*1/*4,1,N,0,*3/*3,N,0,T/T,N,0,*1/*1,N,0,Negative,N,0,Negative,N,0,Negative,N,0,Negative,N,0,C/C,N,0,*1/*1,N,0,*1/*28,N,0,G/G,N,0,NA,N,0,0,0,3,4,5,5,5,6,6,6,6,5,5,5,5,4,4,4,4,6,6,4,6,4,5,4,5,4,5,4,5,4,5,4,4,4,5,5,5,4,5,6,6,6,6,6,6,6,6,6,6,4,5,6,6,6,6,6,6,6,6,4,4,4,4,4,5,6,5,5,6,5,5,5,4,5,4,6,6,6,6,6,6,6,6,6,4,1,0,0,0,0,1,0,0,1,0,2,2,3,3,3,4,2,1,1,0,0,0,0,0,0,0,1,0,86,96,10,52,53,1,11,0,1
112,0,3,*1/*1,N,0,*1/*1,N,0,*1/*1,2,N,0,*3/*3,N,0,C/T,Y,1,*1/*1,N,0,Negative,N,0,Negative,N,0,Negative,N,0,Negative,N,0,C/C,N,0,*1/*1,N,0,*1/*28,N,0,A/A,Y,1,NA,Y,1,1,0,3,6,6,6,6,6,6,6,6,6,6,6,6,6,6,6,6,6,6,6,6,6,6,6,6,6,6,6,6,6,6,6,6,6,6,6,6,6,6,6,6,6,6,6,6,6,6,6,6,6,6,6,6,6,6,6,6,5,2,3,2,1,1,2,2,2,2,2,1,1,1,1,1,1,1,4,6,6,6,6,6,6,6,6,2,0,0,0,0,0,1,0,1,0,0,2,4,2,5,1,1,2,1,0,0,0,0,1,0,0,0,0,0,114,114,0,54,54,0,0,0,1
113,0,1,*1/*1,N,0,*1/*1,N,0,*1/*10,1.25,N,0,*3/*3,N,0,T/T,N,0,NA,NA,NA,NA,NA,NA,NA,NA,NA,NA,NA,NA,NA,NA,NA,NA,NA,NA,NA,NA,NA,NA,NA,NA,A/G,Y,1,NA,N,0,0,0,1,1,3,1,3,1,3,1,3,1,3,1,3,1,5,1,4,1,5,1,4,1,4,3,5,1,4,1,3,1,4,1,4,1,4,1,4,1,4,1,4,2,5,4,6,4,5,5,5,4,5,5,5,5,5,5,6,1,3,4,4,2,4,2,2,4,4,2,2,4,4,3,3,4,2,4,4,4,5,6,5,6,6,6,3,1,1,1,1,1,1,1,0,1,0,2,3,3,1,2,2,2,1,1,0,1,1,0,0,1,0,0,1,21,72,51,35,46,11,62,1,1
114,0,3,*1/*1,N,0,*1/*1,N,0,*4/*41,0.5,N,0,*3/*3,N,0,T/T,N,0,*1/*1,N,0,Negative,N,0,Negative,N,0,Negative,N,0,Negative,N,0,C/C,N,0,*1/*1,N,0,*1/*28,N,0,G/G,N,0,NA,N,0,0,0,3,3,5,3,5,3,6,3,5,3,6,2,5,3,4,3,4,4,5,3,4,2,5,2,5,2,4,2,4,1,5,1,5,1,5,1,5,1,5,4,6,5,6,5,6,5,6,5,6,5,6,5,6,5,6,6,6,4,4,5,3,4,4,3,3,2,3,3,4,4,4,4,3,3,4,6,6,6,6,6,6,6,6,6,4,1,1,1,1,1,0,1,1,1,1,2,2,4,3,2,2,2,2,1,1,0,1,0,1,0,1,1,0,43,92,49,45,54,9,58,1,1
115,0,3,*1/*1,N,0,*1/*2,N,0,*1/*4,1,N,0,*3/*3,N,0,T/T,N,0,*1/*1,N,0,Negative,N,0,Negative,N,0,Negative,N,0,Negative,N,0,C/C,N,0,*1/*1,N,0,*28/*28,Y,1,A/G,Y,1,NA,Y,1,1,0,3,1,5,2,4,3,6,3,6,1,5,4,5,1,4,2,5,2,5,2,5,1,5,3,4,1,4,1,4,1,4,2,4,2,5,2,6,2,5,5,6,4,6,4,6,5,6,6,6,4,4,4,3,4,6,6,6,3,3,4,4,3,3,3,3,3,3,3,4,3,3,3,3,3,3,4,4,4,4,6,4,4,5,5,5,1,1,1,0,0,0,0,0,1,0,2,2,4,3,1,3,2,1,0,0,0,0,0,0,0,0,0,1,36,91,55,42,49,7,62,0,1
116,0,4,*1/*17,N,0,*1/*1,N,0,*2A/*2A,2,N,0,*3/*3,N,0,T/T,N,0,*1/*1,N,0,Negative,N,0,TT,N,0,Negative,N,0,Negative,N,0,C/C,N,0,*1/*1,N,0,*1/*1,N,0,A/G,Y,1,NA,N,0,0,0,4,6,6,6,6,5,6,6,6,5,6,6,6,4,6,5,6,5,5,5,6,5,6,5,6,4,5,4,5,4,5,4,5,5,6,5,6,5,6,6,6,6,6,6,6,6,6,6,6,6,6,5,6,5,6,5,5,6,6,6,6,6,6,6,5,5,6,4,5,5,5,4,5,4,4,1,1,1,1,1,1,1,2,1,5,1,1,1,1,1,0,1,1,1,1,1,2,4,3,2,3,1,1,0,0,0,0,0,0,1,0,1,1,94,109,15,51,53,2,17,0,1
117,0,3,*1/*17,N,0,*1/*1,N,0,*1/*1,2,N,0,*3/*3,N,0,T/T,N,0,*1/*1,N,0,Negative,N,0,Negative,N,0,Negative,N,0,Negative,N,0,C/C,N,0,*1/*1,N,0,*1/*28,N,0,A/G,Y,1,NA,N,0,0,0,3,3,3,4,4,4,5,4,5,3,4,4,5,2,4,3,5,3,4,2,4,3,4,3,4,3,4,3,4,3,4,3,4,3,4,3,4,3,4,4,5,4,5,4,5,4,5,4,4,4,3,3,3,3,3,4,4,4,5,6,5,6,6,6,6,6,5,5,4,6,6,6,6,6,5,6,6,6,6,6,6,6,6,6,4,1,1,0,1,0,0,0,0,0,0,2,2,3,3,2,1,2,1,1,0,1,0,0,0,0,0,1,1,59,79,20,34,37,3,23,1,1
118,0,3,*1/*2,N,0,*1/*1,N,0,*1/*1,2,N,0,*1/*3,Y,1,T/T,N,0,*1/*1,N,0,Negative,N,0,Negative,N,0,Negative,N,0,Negative,N,0,C/C,N,0,*1/*1,N,0,*1/*1,N,0,G/G,N,0,NA,Y,1,1,0,3,6,6,5,5,5,5,5,5,5,5,4,4,4,4,4,4,5,5,5,5,5,5,5,5,3,5,4,5,4,4,5,5,5,5,5,5,5,5,5,5,5,6,5,6,5,6,5,6,4,5,3,2,5,6,5,6,4,4,5,5,5,5,4,4,5,3,3,3,4,3,4,3,3,3,4,4,4,4,5,4,4,4,5,4,1,1,0,1,0,0,0,1,1,0,2,2,3,1,1,1,2,2,0,0,0,1,0,0,0,1,1,0,89,92,3,42,48,6,9,1,1
119,0,3,*1/*1,N,0,*1/*1,N,0,*1/*1,2,N,0,*3/*3,N,0,T/T,N,0,*1/*1,N,0,Positive,Y,1,Negative,N,0,Negative,N,0,Negative,N,0,C/C,N,0,*1/*1,N,0,*1/*1,N,0,A/A,Y,1,NA,Y,1,1,0,3,2,4,3,3,6,6,5,5,4,5,5,5,5,5,3,3,2,4,4,4,4,5,4,4,4,6,5,5,4,6,5,5,4,4,4,5,4,5,5,5,4,5,4,6,4,5,4,5,2,2,4,4,4,5,4,5,3,6,5,4,4,5,4,5,4,5,5,3,5,6,4,4,3,4,5,5,5,6,4,3,4,5,5,2,1,1,0,1,0,0,0,1,0,1,1,2,3,4,4,4,1,1,0,0,0,0,0,1,1,0,0,1,77,89,12,35,42,7,19,0,1
120,1,2,*1/*17,N,0,*1/*2,N,0,NA,NA,NA,NA,NA,NA,NA,NA,NA,NA,NA,NA,NA,NA,NA,NA,NA,NA,NA,NA,NA,NA,NA,NA,NA,NA,NA,NA,NA,NA,NA,NA,NA,NA,G/G,N,0,NA,N,0,0,1,2,6,6,4,5,5,5,5,5,5,5,5,5,3,4,3,4,3,4,3,5,3,4,2,5,2,5,2,5,3,5,3,4,3,4,3,4,3,4,3,4,4,5,5,5,5,5,5,5,5,6,5,6,6,6,6,6,6,6,6,6,6,6,4,4,4,4,4,4,4,4,4,4,4,4,4,5,5,5,5,5,5,6,6,2,1,1,0,1,0,0,0,1,1,1,2,2,3,3,1,2,2,1,1,0,1,0,0,0,1,0,1,1,66,88,22,44,48,4,26,0,1
121,0,3,*2/*2,N,1,*1/*1,N,0,*2A/*5,1,N,0,*3/*3,N,0,T/T,N,0,*1/*1,N,0,Negative,N,0,Negative,N,0,Negative,N,0,Negative,N,0,C/C,N,0,*1/*1,N,0,*1/*1,N,0,A/G,Y,1,NA,N,0,1,0,3,6,6,2,5,3,5,5,6,2,5,2,5,4,6,2,5,3,5,4,5,2,5,1,5,2,5,2,4,3,5,2,6,1,4,2,5,1,4,4,5,5,6,6,6,6,6,5,6,4,6,4,6,6,6,6,6,2,3,2,3,3,4,2,2,1,1,2,2,3,2,2,1,2,2,4,4,5,5,5,6,5,5,4,5,1,1,0,0,1,0,0,1,0,1,1,2,4,3,1,1,2,2,0,0,1,1,0,0,0,0,0,1,49,96,47,46,53,7,54,0,1
122,0,3,*1/*17,N,0,*1/*1,N,0,*1/*4x2,1,N,0,*3/*3,N,0,T/T,N,0,*1/*1,N,0,Positive,Y,1,Negative,N,0,Positive,Y,1,Negative,N,0,C/C,N,0,*1/*1,N,0,*1/*1,N,0,A/G,Y,1,NA,Y,2,2,0,3,1,4,1,4,2,4,1,4,1,3,1,4,1,3,1,3,1,4,1,3,1,3,1,3,1,4,1,4,1,4,1,3,1,3,1,4,1,3,4,5,4,4,4,4,4,4,5,5,4,4,4,4,5,5,6,5,2,3,4,2,2,3,1,1,2,1,1,2,2,3,2,3,2,1,5,5,5,6,6,6,6,5,6,2,1,1,0,0,0,0,1,0,1,0,2,3,3,1,1,1,2,1,1,1,1,0,0,0,1,1,1,1,20,67,47,40,40,0,47,1,1
123,1,2,*1/*2,N,0,*1/*1,N,0,NA,NA,NA,NA,NA,NA,NA,NA,NA,NA,NA,NA,NA,NA,NA,NA,NA,NA,NA,NA,NA,NA,NA,NA,NA,NA,NA,NA,NA,NA,NA,NA,NA,NA,A/G,Y,1,NA,N,0,0,1,2,4,4,3,4,3,5,4,4,3,4,4,4,2,4,2,4,4,5,3,4,3,4,4,4,4,5,4,5,4,5,3,5,3,4,3,4,2,3,4,5,5,6,5,6,5,5,6,6,4,6,5,5,6,6,6,6,4,2,2,3,3,3,3,3,4,4,3,4,3,3,2,4,4,2,4,5,5,5,5,5,5,5,5,4,1,0,1,1,0,1,1,1,1,1,2,2,4,1,2,2,2,1,0,0,1,0,0,0,0,1,1,0,62,81,19,46,51,5,24,1,1
124,1,3,*1/*1,N,0,*1/*2,N,0,*1/*2A,2,N,0,*3/*3,N,0,C/T,Y,1,*1/*1,N,0,Negative,N,0,Negative,N,0,Negative,N,0,Negative,N,0,C/C,N,0,*1/*1,N,0,*1/*28,N,0,A/A,Y,1,NA,Y,1,1,1,3,3,5,3,5,2,4,2,5,1,5,2,4,1,4,1,4,1,4,2,5,2,5,2,3,1,4,1,4,2,5,1,4,1,5,1,5,1,3,4,5,4,5,4,5,6,6,6,6,6,6,6,6,6,6,6,6,4,3,5,4,5,4,3,2,2,2,2,3,3,3,3,4,4,3,4,6,6,6,6,4,6,6,6,3,1,1,1,1,0,0,0,1,1,1,2,2,4,1,2,2,2,1,1,0,0,0,0,0,0,0,1,1,30,83,53,48,51,3,56,1,1
125,1,3,*2/*17,Y,0,*1/*1,N,0,*1/*17,1.5,N,0,*3/*7,N,0,T/T,N,0,*1/*1,N,0,Negative,N,0,Negative,N,0,Negative,N,0,Negative,N,0,C/C,N,0,*1/*1,N,0,*1/*28,N,0,G/G,N,0,NA,Y,1,0,1,3,4,4,5,5,3,4,3,4,5,6,5,6,4,5,4,5,4,4,5,5,4,4,4,5,5,6,5,6,5,6,2,5,3,5,2,5,2,5,5,5,4,4,5,5,6,6,6,6,6,6,5,5,6,6,6,6,4,4,4,3,5,5,3,3,2,4,3,5,5,5,4,3,3,4,4,4,5,5,6,6,6,6,6,2,1,1,1,0,0,1,0,1,1,1,1,2,4,3,2,4,1,2,0,0,0,1,1,0,1,0,0,0,74,95,21,49,49,0,21,0,1
126,1,4,*1/*2,N,0,*1/*1,N,0,*2A/*4+*4N,1,N,0,*3/*3,N,0,T/T,N,0,*1/*1,N,0,Negative,N,0,TT,N,0,Negative,N,0,Negative,N,0,C/C,N,0,*1/*1,N,0,*1/*28,N,0,G/G,N,0,NA,N,0,0,1,4,6,6,6,6,3,5,3,5,4,6,4,5,2,2,2,4,1,2,2,4,2,3,3,4,3,3,3,3,3,3,3,6,3,5,3,4,3,5,4,5,4,5,5,6,6,6,6,6,6,6,6,6,6,6,6,6,6,6,6,6,6,6,3,4,2,4,3,3,2,2,3,2,2,2,2,3,2,1,1,1,1,1,1,3,1,1,1,1,1,1,1,1,0,1,1,2,4,3,1,3,1,1,1,1,0,0,0,0,0,1,0,1,59,81,22,49,52,3,25,1,1
127,0,4,*1/*2,N,0,*1/*1,N,0,*1/*10+*36,1.25,N,0,*3/*3,N,0,T/T,N,0,*1/*1,N,0,Negative,N,0,TT,N,0,Negative,N,0,Negative,N,0,C/T,Y,2,*1/*1,N,0,*1/*1,N,0,A/A,Y,1,NA,Y,1,2,0,4,3,5,2,6,3,5,2,6,2,5,2,6,1,5,2,5,2,6,2,6,2,5,2,5,1,5,1,5,1,5,2,5,2,5,1,5,2,5,5,6,5,6,5,6,4,6,5,6,6,6,6,6,6,6,6,6,6,4,4,5,4,4,4,4,5,5,4,4,4,4,4,4,4,4,2,2,2,1,1,1,1,1,1,2,0,0,0,0,0,0,0,0,1,1,2,2,2,1,1,1,2,1,0,0,1,1,0,0,0,1,0,0,35,100,65,48,54,6,71,0,0
128,1,3,*1/*1,N,0,*1/*1,N,0,*1/*1,2,N,0,*1/*3,Y,1,T/T,N,0,*1/*1,N,0,Negative,N,0,Negative,N,0,Negative,N,0,Negative,N,0,C/T,Y,2,*1/*1,N,0,*1/*1,N,0,A/A,Y,1,NA,Y,2,3,1,3,5,6,1,5,1,5,1,5,1,5,1,5,3,6,3,6,3,5,2,5,3,6,1,6,1,5,1,5,1,5,1,5,1,5,1,5,1,4,6,6,6,6,6,6,6,6,6,6,6,6,6,6,6,6,6,6,2,4,3,4,4,4,4,4,4,4,2,3,3,4,2,2,4,4,5,5,5,5,5,6,6,6,6,4,1,1,0,0,1,1,0,0,1,0,2,2,4,3,2,2,1,1,1,1,1,1,0,1,0,0,1,1,32,99,67,54,54,0,67,1,1
129,0,4,*1/*1,N,0,*1/*3,N,0,*1/*2,2,N,0,*1/*3,Y,1,C/T,Y,1,*1/*1,N,0,Negative,N,0,TT,N,0,Negative,N,0,Negative,N,0,C/C,N,0,*1/*1,N,0,*28/*28,Y,1,G/G,N,0,NA,Y,3,3,0,4,4,6,3,5,2,5,2,6,1,4,1,4,1,4,1,5,2,4,1,6,1,4,1,3,1,5,1,5,1,5,1,5,1,5,1,5,1,4,6,6,6,6,6,6,6,6,6,6,6,6,6,6,6,6,6,6,6,4,4,4,3,3,1,3,4,6,1,1,2,2,1,3,3,3,1,1,1,1,1,1,1,1,1,4,1,1,1,1,1,0,1,1,1,1,2,2,3,1,1,2,2,2,0,0,0,0,0,1,0,0,1,1,27,90,63,54,54,0,63,1,1
130,1,2,*17/*17,N,0,*1/*1,N,0,NA,NA,NA,NA,NA,NA,NA,NA,NA,NA,NA,NA,NA,NA,NA,NA,NA,NA,NA,NA,NA,NA,NA,NA,NA,NA,NA,NA,NA,NA,NA,NA,NA,NA,A/G,Y,1,NA,N,0,0,1,2,3,5,3,4,4,4,3,6,3,4,4,5,4,5,3,4,4,5,4,5,4,6,2,3,4,5,3,4,3,5,4,5,4,6,4,5,3,4,4,6,4,5,5,6,4,5,5,6,4,5,3,4,6,6,6,6,4,4,3,3,4,5,2,2,4,5,1,3,4,4,3,3,4,2,4,5,5,4,5,5,4,6,6,4,1,0,1,1,0,1,1,1,1,1,2,2,3,3,2,3,2,1,1,1,0,1,0,0,0,1,1,1,66,90,24,41,49,8,32,1,1
131,0,1,*1/*2,N,0,*1/*1,N,0,GENE DELETION *1/*5,1,N,0,*1/*3,Y,1,C/T,Y,1,NA,NA,NA,NA,NA,NA,NA,NA,NA,NA,NA,NA,NA,NA,NA,NA,NA,NA,NA,NA,NA,NA,NA,NA,A/A,Y,1,NA,Y,2,2,0,1,2,4,2,4,2,5,2,5,2,4,2,4,3,4,3,4,2,4,2,4,1,4,2,4,2,5,2,5,2,5,2,4,1,4,2,5,2,4,5,6,5,6,5,6,6,6,6,6,5,5,5,5,6,6,6,6,2,2,2,4,3,3,2,4,3,4,1,2,1,3,3,1,1,2,4,4,4,6,6,5,5,6,6,3,1,1,1,0,0,0,1,1,1,0,2,2,4,1,2,2,2,1,0,0,0,0,0,1,1,0,1,0,38,82,44,49,52,3,47,0,1
132,0,1,*2/*17,Y,0,*1/*1,N,0,*1/*10,1.25,N,0,*3/*3,N,0,T/T,N,0,NA,NA,NA,NA,NA,NA,NA,NA,NA,NA,NA,NA,NA,NA,NA,NA,NA,NA,NA,NA,NA,NA,NA,NA,A/A,Y,1,NA,Y,1,0,0,1,4,5,2,4,2,4,3,4,1,3,2,4,3,4,3,4,3,5,2,5,3,6,4,4,3,3,3,4,3,4,3,4,3,4,3,4,3,4,6,6,6,6,4,6,5,6,3,3,4,4,4,4,3,6,4,6,5,5,4,4,4,5,5,5,5,5,5,4,4,5,5,5,5,5,5,5,5,6,5,5,5,5,5,4,0,0,0,1,0,1,0,1,0,1,1,3,3,3,2,2,2,1,0,0,1,0,0,0,0,1,1,0,53,79,26,39,47,8,34,0,0
133,1,4,*1/*2,N,0,*1/*1,N,0,*1/*41,1.5,N,0,*3/*3,N,0,C/T,Y,1,*1/*1,N,0,Negative,N,0,TT,N,0,Negative,N,0,Negative,N,0,C/C,N,0,*1/*1,N,0,*1/*1,N,0,A/G,Y,1,NA,Y,1,1,1,4,6,6,3,4,2,5,2,5,2,5,2,5,2,5,2,5,2,5,2,5,2,5,2,5,2,5,2,5,2,5,2,5,2,5,2,5,2,5,4,5,4,5,4,4,4,6,6,6,6,6,4,6,4,6,4,6,6,4,6,6,6,6,4,4,4,4,4,4,4,4,4,4,4,4,3,3,3,3,3,3,3,3,3,4,1,1,0,0,0,0,1,1,0,1,2,2,3,3,1,1,2,2,1,0,0,0,0,0,0,0,0,0,43,95,52,40,50,10,62,1,0
134,0,1,*1/*17,N,0,*1/*1,N,0,*1/*4,1,N,0,*3/*3,N,0,T/T,N,0,NA,NA,NA,NA,NA,NA,NA,NA,NA,NA,NA,NA,NA,NA,NA,NA,NA,NA,NA,NA,NA,NA,NA,NA,A/A,Y,1,NA,N,0,0,0,1,3,3,3,5,3,4,4,4,3,3,3,3,3,4,3,4,3,5,3,4,3,3,3,5,3,4,3,3,3,4,2,4,1,3,2,3,3,4,4,5,5,5,5,5,4,5,5,5,4,5,5,5,4,5,5,5,2,3,2,2,2,2,2,2,2,2,2,2,2,2,2,2,2,2,3,3,4,4,4,4,4,4,4,4,1,0,0,0,0,1,0,0,1,0,2,2,4,1,2,2,2,1,0,0,0,1,0,0,1,0,1,0,54,72,18,41,45,4,22,0,0
135,0,3,*1/*3,Y,0,*1/*1,N,0,*5/*10,0.25,N,0,*1/*3,Y,1,T/T,N,0,*1/*1,N,0,Negative,N,0,Negative,N,0,Negative,N,0,Positive,Y,1,C/C,N,0,*1/*1,N,0,*1/*28,N,0,A/A,Y,1,NA,Y,3,2,0,3,4,5,4,5,4,6,4,5,4,4,4,4,3,4,3,5,4,4,4,4,4,4,3,5,3,5,3,5,3,5,2,4,2,4,2,4,2,4,4,5,4,5,4,5,6,6,6,6,4,4,4,4,5,5,5,5,5,4,4,3,3,3,3,4,4,3,2,4,4,4,3,2,3,2,4,4,4,5,5,4,4,4,5,4,1,1,1,1,0,0,0,0,1,1,2,2,3,1,2,2,2,1,0,0,0,1,0,0,0,0,0,1,62,86,24,42,45,3,27,0,1
136,0,2,*1/*1,N,0,*1/*1,N,0,NA,NA,NA,NA,NA,NA,NA,NA,NA,NA,NA,NA,NA,NA,NA,NA,NA,NA,NA,NA,NA,NA,NA,NA,NA,NA,NA,NA,NA,NA,NA,NA,NA,NA,G/G,N,0,NA,N,0,0,0,2,5,6,4,4,4,4,5,5,3,4,4,5,2,2,3,4,3,4,5,5,4,4,1,2,4,5,2,2,2,2,4,5,4,4,3,3,4,4,3,3,2,2,2,2,6,6,4,4,6,1,6,1,6,6,6,6,1,5,1,2,4,5,2,3,4,4,5,3,5,5,4,5,4,4,3,5,5,5,5,3,4,6,6,5,1,1,0,1,0,0,1,1,1,1,2,2,4,1,2,2,2,1,0,1,1,0,1,0,0,0,1,1,66,74,8,41,31,-10,-2,1,1
137,0,1,*1/*2,N,0,*1/*1,N,0,*1/*41,1.5,N,0,*3/*3,N,0,T/T,N,0,NA,NA,NA,NA,NA,NA,NA,NA,NA,NA,NA,NA,NA,NA,NA,NA,NA,NA,NA,NA,NA,NA,NA,NA,A/G,Y,1,NA,N,0,0,0,1,5,6,3,5,4,6,4,6,3,5,3,5,1,4,2,6,3,4,4,6,1,4,5,6,1,5,1,5,1,6,3,4,1,5,2,5,2,5,4,5,4,5,4,6,6,6,6,6,4,4,4,2,6,6,6,6,2,5,6,6,1,2,2,4,2,5,3,5,4,4,2,4,4,3,4,3,4,6,6,6,6,6,6,4,1,1,1,0,0,1,1,1,1,1,2,3,3,3,1,2,1,1,1,1,1,0,0,1,1,0,1,1,49,98,49,44,46,2,51,1,1
138,0,3,*2/*17,Y,0,*1/*1,N,0,*2A/*7,1,N,0,*3/*3,N,0,C/T,Y,1,*1/*1,N,0,Negative,N,0,Negative,N,0,Negative,N,0,Negative,N,0,C/C,N,0,*1/*1,N,0,*1/*28,N,0,A/G,Y,1,NA,Y,2,1,0,3,6,6,6,6,6,6,6,6,6,6,6,6,6,6,6,6,6,6,6,6,6,6,6,6,6,6,6,6,6,6,6,6,6,6,6,6,6,6,6,6,6,6,6,4,6,6,6,6,6,3,6,2,2,2,6,6,6,4,5,4,4,4,2,4,4,2,1,4,3,3,3,3,4,3,5,5,4,6,6,5,5,6,6,2,1,0,0,1,0,1,0,0,1,0,2,2,4,2,2,1,1,2,0,1,0,0,0,1,1,0,1,1,114,114,0,50,41,-9,-9,1,1
139,0,1,*1/*2,N,0,*1/*2,N,0,*4/*4,0,Y,3,*3/*3,N,0,T/T,N,0,NA,NA,NA,NA,NA,NA,NA,NA,NA,NA,NA,NA,NA,NA,NA,NA,NA,NA,NA,NA,NA,NA,NA,NA,A/G,Y,1,NA,Y,1,3,0,1,3,6,2,4,4,6,3,4,1,4,2,5,3,4,3,5,1,2,3,3,2,2,2,2,2,2,3,3,3,5,3,4,1,3,1,3,2,3,3,4,4,5,4,6,3,4,6,6,4,4,5,6,6,6,6,6,5,4,6,6,4,4,1,2,3,5,3,3,2,5,5,3,5,3,4,5,6,5,6,6,6,6,6,2,1,1,1,1,0,0,0,1,0,1,2,2,4,5,3,2,2,1,0,0,0,0,0,0,0,0,0,0,44,70,26,41,47,6,32,1,1
140,1,3,*1/*1,N,0,*2/*2,Y,1,*1/*35,2,N,0,*3/*3,N,0,T/T,N,0,*1/*1,N,0,Negative,N,0,Negative,N,0,Negative,N,0,Negative,N,0,C/C,N,0,*1/*1,N,0,*1/*1,N,0,A/G,Y,1,NA,Y,1,1,1,3,2,4,2,4,4,4,4,4,2,4,3,4,2,3,4,4,4,5,4,5,2,3,3,4,3,4,3,4,3,4,3,4,3,5,3,5,3,4,5,5,5,5,5,5,5,6,5,6,5,6,5,6,5,6,5,6,4,3,4,4,3,3,3,3,4,4,3,4,4,4,4,4,4,3,5,5,5,5,5,5,5,5,5,3,0,1,1,0,0,0,1,0,1,1,2,2,3,1,1,1,2,1,0,0,0,0,0,0,0,0,1,0,57,78,21,45,51,6,27,0,0
141,1,4,*1/*1,N,0,*1/*1,N,0,*1/*4,1,N,0,*3/*3,N,0,T/T,N,0,*1/*1,N,0,Negative,N,0,TT,N,0,Negative,N,0,Negative,N,0,C/C,N,0,*1/*1,N,0,*1/*1,N,0,G/G,N,0,NA,N,0,0,1,4,3,5,4,5,2,5,3,5,1,4,2,4,1,4,2,5,1,4,3,5,2,4,2,5,3,5,2,5,3,5,1,4,1,4,1,5,1,4,4,5,3,4,4,6,4,6,4,6,4,6,4,6,4,6,4,6,4,3,2,2,2,2,2,2,3,3,2,3,3,2,1,1,1,1,4,4,4,3,3,2,2,2,2,3,1,1,1,1,1,1,1,1,1,1,2,3,4,1,1,2,2,2,1,0,1,1,0,0,0,0,0,1,38,87,49,35,51,16,65,0,1
142,1,3,*1/*1,N,0,*1/*1,N,0,*10+*36/*41,0.75,N,0,*3/*3,N,0,T/T,N,0,*1/*1,N,0,Negative,N,0,Negative,N,0,Negative,N,0,Negative,N,0,C/C,N,0,*1/*1,N,0,*1/*1,N,0,A/G,Y,1,NA,N,0,0,1,3,6,6,3,4,3,4,3,4,3,4,3,4,4,4,4,4,4,4,4,4,4,4,2,2,4,5,4,5,4,5,5,5,3,4,4,4,3,4,4,4,3,3,3,3,5,5,5,5,5,5,4,4,4,5,5,5,5,5,1,1,4,5,3,4,2,5,2,1,4,4,4,2,5,5,5,4,5,5,5,5,5,4,5,5,0,0,1,0,0,0,0,0,0,0,1,2,4,1,1,1,2,1,1,1,0,0,0,0,0,0,0,0,70,80,10,38,39,1,11,0,1
143,1,3,*1/*1,N,0,*3/*3,Y,1,*1/*1,2,N,0,*3/*3,N,0,T/T,N,0,*1/*1,N,0,Negative,N,0,Negative,N,0,Negative,N,0,Negative,N,0,C/C,N,0,*1/*1,N,0,*1/*1,N,0,A/G,Y,1,NA,Y,1,1,1,3,6,6,4,4,5,5,5,5,5,5,4,5,4,4,3,3,4,4,4,4,4,4,4,4,4,4,4,4,4,4,4,4,2,3,3,3,3,3,2,2,3,4,4,4,4,4,4,4,5,3,3,3,4,4,4,4,6,5,5,5,5,5,5,3,4,5,3,4,5,5,4,4,4,5,3,4,5,5,6,5,5,6,6,1,1,0,0,0,0,0,0,1,0,0,1,2,3,3,1,3,1,1,0,0,0,0,0,1,0,0,1,0,76,78,2,33,32,-1,1,0,1
144,1,4,*1/*17,N,0,*1/*1,N,0,*1/*1,2,N,0,*3/*3,N,0,T/T,N,0,*1/*1,N,0,Positive,Y,1,TT,N,0,Negative,N,0,Negative,N,0,C/C,N,0,*1/*3A,Y,2,*1/*1,N,0,G/G,N,0,NA,Y,2,3,1,4,3,6,3,6,3,6,3,6,3,6,3,6,1,6,2,6,3,6,1,5,1,5,2,6,1,5,1,5,1,5,1,6,1,6,1,6,1,6,4,6,3,6,4,6,4,6,4,6,4,6,4,6,6,6,6,6,3,4,2,2,2,2,2,3,3,2,2,2,2,2,3,2,2,2,2,2,1,1,1,1,1,1,1,3,1,1,0,0,0,0,0,1,1,1,1,2,3,1,1,3,2,1,0,0,0,1,0,0,0,0,0,0,35,109,74,39,54,15,89,0,1
145,0,4,*1/*2,N,0,*1/*1,N,0,*1/*41,1.5,N,0,*1/*1,Y,1,T/T,N,0,*1/*1,N,0,Negative,N,0,TT,N,0,Negative,N,0,Negative,N,0,C/T,Y,2,*1/*1,N,0,*1/*6,N,0,A/A,Y,1,NA,Y,2,3,0,4,5,6,3,5,4,5,4,5,3,5,4,5,3,5,4,5,3,4,4,5,3,4,3,4,3,4,3,4,3,4,3,4,3,3,3,4,2,3,4,5,4,5,5,6,6,6,6,6,6,6,4,5,6,6,6,6,6,6,6,6,5,5,4,5,4,4,4,4,4,4,4,4,5,4,2,2,2,1,1,1,1,1,1,4,1,1,0,0,0,1,1,1,1,1,2,3,4,4,2,2,2,2,1,0,0,0,0,0,0,0,0,1,63,84,21,47,51,4,25,1,1
146,0,2,*2/*2,N,1,*1/*1,N,0,NA,NA,NA,NA,NA,NA,NA,NA,NA,NA,NA,NA,NA,NA,NA,NA,NA,NA,NA,NA,NA,NA,NA,NA,NA,NA,NA,NA,NA,NA,NA,NA,NA,NA,A/A,Y,1,NA,N,0,1,0,2,2,3,2,5,2,4,2,5,2,4,2,5,2,4,2,4,2,5,2,4,2,5,2,4,2,5,2,5,2,5,2,5,2,5,2,5,2,4,4,6,4,5,4,6,4,6,5,6,4,3,4,4,4,6,4,6,5,4,3,3,2,3,2,2,2,2,2,3,3,3,4,2,3,2,5,5,5,5,5,5,5,5,5,5,1,1,0,0,0,1,1,0,1,1,2,2,4,2,3,3,1,1,1,1,1,0,1,1,1,1,1,1,38,86,48,37,48,11,59,1,1
147,0,4,*1/*17,N,0,*1/*8,N,0,*2/*2A,2,N,0,*1/*1,Y,1,T/T,N,0,*1/*1,N,0,Negative,N,0,TT,N,0,Negative,N,0,Negative,N,0,C/C,N,0,*1/*1,N,0,*1/*28,N,0,G/G,N,0,NA,Y,1,1,0,4,3,5,2,6,4,6,3,6,1,5,2,6,2,5,2,5,2,6,3,6,2,5,4,6,3,6,3,6,2,6,1,4,1,6,2,5,2,6,3,5,4,4,4,4,4,6,4,6,4,6,4,6,4,6,4,6,6,5,5,6,3,5,4,5,5,6,5,5,6,5,4,5,5,5,3,4,3,3,1,2,1,2,2,5,1,1,0,0,0,0,0,1,0,1,1,3,3,1,1,3,2,1,1,1,1,0,0,0,0,1,0,1,44,106,62,35,49,14,76,0,1
148,1,3,*2/*17,Y,0,*1/*1,N,0,*2A/*41,1.5,N,0,*3/*3,N,0,C/T,Y,1,*1/*1,N,0,Negative,N,0,Negative,N,0,Positive,Y,1,Negative,N,0,C/C,N,0,*1/*1,N,0,*28/*28,Y,1,A/G,Y,1,NA,Y,4,3,1,3,6,6,2,5,1,5,2,5,2,4,2,4,4,5,3,5,2,4,4,5,1,4,2,4,3,5,3,5,4,5,1,5,3,4,1,4,1,4,4,5,4,5,4,5,4,4,6,6,6,6,4,5,6,6,6,6,2,4,3,2,2,2,2,1,2,2,1,2,2,1,3,2,1,1,5,3,3,5,6,4,5,6,6,4,1,1,0,0,0,0,0,0,1,0,1,3,3,1,2,2,2,1,0,0,0,0,0,0,0,0,1,0,47,88,41,44,48,4,45,1,1
149,0,2,*2/*2,N,1,*1/*1,N,0,NA,NA,NA,NA,NA,NA,NA,NA,NA,NA,NA,NA,NA,NA,NA,NA,NA,NA,NA,NA,NA,NA,NA,NA,NA,NA,NA,NA,NA,NA,NA,NA,NA,NA,G/G,N,0,NA,N,0,1,0,2,4,6,3,5,3,5,3,4,3,6,3,6,3,6,3,6,4,6,3,6,3,6,3,6,3,6,3,6,3,6,4,6,4,6,4,6,3,6,4,6,4,6,4,6,6,6,6,6,4,4,5,5,6,6,6,6,5,4,3,4,5,3,3,3,5,3,5,3,4,3,4,5,5,3,4,5,5,5,5,5,5,5,5,4,1,0,0,0,1,1,0,0,1,1,2,2,4,3,2,2,2,1,1,0,0,0,0,1,0,0,1,0,62,110,48,45,51,6,54,1,1
150,0,3,*1/*1,N,0,*1/*2,N,0,*2A/*4,1,N,0,*3/*3,N,0,C/T,Y,1,*1/*1,N,0,Negative,N,0,Negative,N,0,Positive,Y,1,Negative,N,0,C/C,N,0,*1/*1,N,0,*1/*1,N,0,A/G,Y,1,NA,Y,2,2,0,3,5,5,5,5,3,5,4,5,4,5,4,5,4,4,4,5,3,3,5,5,2,4,4,5,4,5,5,5,4,5,2,5,2,4,2,4,2,4,2,4,3,4,4,5,5,6,5,5,2,2,2,2,5,5,5,4,5,5,4,3,4,4,4,4,4,4,3,4,3,3,3,3,4,3,3,4,4,5,4,4,3,3,4,4,1,1,1,0,1,0,0,0,1,1,2,2,4,3,4,5,1,2,0,0,0,1,1,1,0,1,1,1,68,88,20,33,37,4,24,0,1
151,0,1,*1/*17,N,0,*1/*1,N,0,*2/*4,1,N,0,*3/*3,N,0,T/T,N,0,NA,NA,NA,NA,NA,NA,NA,NA,NA,NA,NA,NA,NA,NA,NA,NA,NA,NA,NA,NA,NA,NA,NA,NA,G/G,N,0,NA,N,0,0,0,1,6,6,4,4,4,4,5,5,4,4,6,6,5,5,5,5,4,4,5,5,3,3,5,5,5,5,5,5,5,5,4,4,4,4,4,4,4,4,2,2,3,3,4,4,4,4,4,4,3,3,3,3,4,4,4,4,5,4,4,5,4,4,3,5,4,5,4,3,4,4,3,3,4,3,3,4,4,3,4,3,4,4,5,3,1,0,0,1,0,1,0,0,1,0,2,2,3,3,1,2,1,1,1,1,0,0,0,0,0,0,1,1,87,87,0,31,31,0,0,1,1
152,0,1,*1/*1,N,0,*1/*1,N,0,GENE DELETION *4/*5,0,Y,3,*1/*3,Y,1,T/T,N,0,NA,NA,NA,NA,NA,NA,NA,NA,NA,NA,NA,NA,NA,NA,NA,NA,NA,NA,NA,NA,NA,NA,NA,NA,A/G,Y,1,NA,Y,2,4,0,1,6,6,1,4,1,4,1,4,1,4,1,4,1,4,1,3,1,4,1,5,1,5,1,4,1,5,1,5,1,5,1,4,1,4,1,4,1,4,2,5,2,5,2,5,4,6,5,6,5,5,5,5,5,5,4,6,2,2,3,3,3,3,2,2,2,2,2,2,2,2,2,2,2,2,4,4,4,4,5,3,4,5,5,4,1,1,1,1,0,0,0,1,1,1,2,3,4,3,1,2,2,1,1,1,1,0,0,0,1,1,1,0,24,82,58,34,48,14,72,1,1
153,0,1,*1/*1,N,0,*1/*2,N,0,*1/*1,2,N,0,*3/*3,N,0,C/T,Y,1,NA,NA,NA,NA,NA,NA,NA,NA,NA,NA,NA,NA,NA,NA,NA,NA,NA,NA,NA,NA,NA,NA,NA,NA,A/G,Y,1,NA,Y,1,1,0,1,4,5,4,5,3,5,4,4,4,5,4,5,1,4,2,4,3,5,3,5,3,5,2,4,2,5,2,4,2,5,2,4,1,5,1,4,1,4,3,5,3,5,3,5,3,5,4,6,3,6,3,6,3,6,5,6,2,4,4,3,1,2,1,2,1,2,1,4,2,2,2,1,3,2,4,3,3,5,6,6,6,3,6,2,1,1,1,0,1,0,0,1,0,1,2,3,4,4,2,2,2,1,0,1,1,0,0,0,0,0,1,1,48,87,39,30,50,20,59,1,1
154,0,4,*1/*1,N,0,*1/*1,N,0,*9/*41,1,N,0,*3/*3,N,0,T/T,N,0,*1/*1,N,0,Negative,N,0,TT,N,0,Negative,N,0,Negative,N,0,C/C,N,0,*1/*1,N,0,*1/*28,N,0,A/A,Y,1,NA,N,0,0,0,4,4,6,3,5,3,5,3,5,4,5,4,5,3,5,3,5,3,5,3,5,3,5,3,5,3,5,3,5,3,5,3,5,3,5,3,5,3,5,5,5,4,4,4,4,5,5,4,3,4,3,4,3,5,3,5,5,4,4,4,4,4,4,4,4,3,4,4,4,4,4,4,4,4,4,3,3,3,3,3,3,3,3,3,5,0,0,0,0,0,0,0,0,0,0,2,2,3,1,1,1,2,1,1,0,0,1,0,0,1,1,1,1,60,96,36,40,35,-5,31,1,0
155,0,2,*1/*1,N,0,*1/*2,N,0,NA,NA,NA,NA,NA,NA,NA,NA,NA,NA,NA,NA,NA,NA,NA,NA,NA,NA,NA,NA,NA,NA,NA,NA,NA,NA,NA,NA,NA,NA,NA,NA,NA,NA,G/G,N,0,NA,N,0,0,0,2,6,6,3,6,4,6,6,6,4,6,4,6,6,6,6,6,6,6,6,6,6,6,6,6,6,6,6,6,6,6,6,6,6,6,6,6,6,6,1,1,1,1,1,1,1,1,1,1,1,1,1,1,1,1,1,1,6,6,6,6,6,6,6,6,6,6,6,6,6,6,6,6,6,6,6,6,6,6,6,6,6,6,6,3,1,1,0,0,0,1,0,0,1,0,1,4,2,4,1,2,1,1,1,1,1,0,0,0,0,0,1,0,105,114,9,9,9,0,9,0,1
156,1,3,*1/*1,N,0,*1/*2,N,0,*1/*1,2,N,0,*3/*3,N,0,T/T,N,0,*1/*1,N,0,Negative,N,0,Negative,N,0,Negative,N,0,Negative,N,0,C/C,N,0,*1/*1,N,0,*1/*1,N,0,A/G,Y,1,NA,N,0,0,1,3,6,6,5,5,6,6,4,5,4,5,4,5,4,5,3,4,3,4,4,4,3,4,3,4,3,4,3,4,3,4,3,5,3,4,3,4,3,5,5,5,5,5,5,5,5,6,5,6,5,6,5,6,5,6,5,6,4,4,5,5,3,4,3,3,3,4,3,4,4,3,4,4,4,4,5,4,4,6,6,6,6,6,6,4,1,0,1,1,0,0,0,1,1,1,1,2,4,3,2,2,1,1,1,0,0,0,0,0,0,0,0,0,70,87,17,45,51,6,23,0,1
157,0,2,*1/*1,N,0,*1/*1,N,0,NA,NA,NA,NA,NA,NA,NA,NA,NA,NA,NA,NA,NA,NA,NA,NA,NA,NA,NA,NA,NA,NA,NA,NA,NA,NA,NA,NA,NA,NA,NA,NA,NA,NA,A/G,Y,1,NA,N,0,0,0,2,3,4,3,4,2,2,4,6,3,5,2,3,3,3,3,3,3,4,4,4,2,4,2,3,4,5,3,5,4,5,3,4,2,4,2,4,2,3,3,4,3,5,5,5,4,5,5,6,5,5,4,6,4,6,5,6,2,3,5,4,3,2,1,3,2,2,1,2,4,4,3,2,2,3,2,4,6,5,5,5,5,5,6,4,1,0,1,0,1,1,0,0,1,1,1,2,4,3,1,4,1,1,0,0,0,0,0,0,0,0,1,0,54,75,21,38,48,10,31,1,1
158,1,4,*1/*17,N,0,*1/*1,N,0,*2A/*35,2,N,0,*3/*3,N,0,C/T,Y,1,*1/*1,N,0,Negative,N,0,TT,N,0,Negative,N,0,Negative,N,0,C/C,N,0,*1/*1,N,0,*1/*28,N,0,A/G,Y,1,NA,Y,1,1,1,4,2,4,2,4,2,5,2,4,2,4,2,4,2,5,2,4,2,4,2,4,2,4,2,4,2,4,2,4,2,4,2,4,2,4,2,4,2,4,5,5,5,5,5,5,4,6,5,5,5,5,4,4,5,5,5,5,5,5,5,5,5,5,5,5,5,5,5,5,5,5,5,5,5,5,2,2,2,2,2,2,2,2,2,4,1,0,0,0,1,0,0,1,0,1,1,2,4,5,1,1,2,2,1,0,0,0,0,0,0,1,0,0,38,78,40,43,45,2,42,1,1
159,0,4,*1/*1,N,0,*1/*1,N,0,*1/*4,1,N,0,*3/*3,N,0,T/T,N,0,*1/*1,N,0,Negative,N,0,TT,N,0,Negative,N,0,Negative,N,0,C/C,N,0,*1/*1,N,0,*1/*28,N,0,G/G,N,0,NA,N,0,0,0,4,6,6,3,5,5,5,5,5,5,5,5,5,5,5,5,5,4,5,5,5,4,5,4,5,4,5,4,5,4,5,4,5,4,5,4,5,4,5,5,5,5,5,5,5,5,5,5,5,5,5,5,5,5,5,5,5,5,5,5,5,5,5,4,4,4,4,4,5,5,5,4,3,4,3,2,2,2,2,1,1,1,1,1,5,1,0,0,1,0,0,0,1,0,0,2,3,3,3,2,2,2,1,0,0,0,0,0,0,0,1,1,0,84,96,12,45,45,0,12,1,0
160,1,3,*1/*2,N,0,*1/*1,N,0,*1/*10+*36,1.25,N,0,*3/*3,N,0,T/T,N,0,*1/*1,N,0,Negative,N,0,Negative,N,0,Negative,N,0,Negative,N,0,C/C,N,0,*1/*1,N,0,*1/*1,N,0,A/A,Y,1,NA,N,0,0,1,3,6,6,2,4,3,5,5,6,2,5,5,5,3,5,4,6,2,3,5,6,2,2,3,4,5,5,5,5,3,5,2,4,1,3,1,3,1,3,4,6,4,6,4,6,5,6,6,6,6,6,6,6,6,6,6,6,4,4,4,4,4,4,5,5,3,5,4,3,4,4,5,5,3,3,6,6,6,6,6,6,6,6,6,4,0,0,0,0,0,0,1,0,0,0,2,2,4,3,2,3,2,2,1,0,0,0,1,1,1,1,0,0,60,85,25,47,54,7,32,1,1
161,1,4,*1/*17,N,0,*1/*1,N,0,*1/*2A,2,N,0,*3/*3,N,0,T/T,N,0,*1/*1,N,0,Negative,N,0,TT,N,0,Negative,N,0,Negative,N,0,C/C,N,0,*1/*1,N,0,*1/*28,N,0,A/A,Y,1,NA,N,0,0,1,4,5,5,2,4,3,4,3,5,1,5,1,5,1,5,1,5,1,5,1,4,1,4,1,5,1,5,1,5,1,5,1,5,1,5,1,4,1,4,4,6,4,6,4,6,4,6,5,6,5,6,5,6,5,6,4,6,4,4,4,4,4,4,2,2,4,2,2,2,1,1,2,1,1,1,1,2,2,1,1,1,1,1,1,4,1,1,0,1,1,1,0,1,1,1,2,2,3,1,2,2,2,1,0,0,0,0,0,1,1,0,1,1,28,89,61,40,54,14,75,0,1
162,0,2,*1/*2,N,0,*1/*1,N,0,NA,NA,NA,NA,NA,NA,NA,NA,NA,NA,NA,NA,NA,NA,NA,NA,NA,NA,NA,NA,NA,NA,NA,NA,NA,NA,NA,NA,NA,NA,NA,NA,NA,NA,G/G,N,0,NA,N,0,0,0,2,4,5,4,5,3,4,3,4,3,4,3,4,3,4,4,4,4,4,3,4,3,3,3,4,3,4,3,3,3,4,3,3,3,3,3,3,3,4,5,4,5,5,5,4,5,4,5,5,5,5,5,5,5,5,5,5,4,4,4,4,4,4,3,3,4,4,4,5,4,5,4,4,4,5,4,4,4,4,4,3,3,4,4,1,1,0,0,0,0,0,1,1,1,1,1,2,3,4,4,4,2,1,0,0,0,1,0,1,0,1,1,0,61,73,12,45,42,-3,9,1,1
163,0,3,*1/*2,N,0,*1/*2,N,0,*2A/*2A+13,2,N,0,*3/*3,N,0,T/T,N,0,*1/*1,N,0,Negative,N,0,Negative,N,0,Negative,N,0,Negative,N,0,C/C,N,0,*1/*1,N,0,*1/*1,N,0,G/G,N,0,NA,N,0,0,0,3,4,6,5,6,4,5,4,5,4,6,5,5,3,5,3,5,4,4,4,5,2,5,3,5,4,5,4,5,4,5,2,5,3,5,3,5,2,5,5,6,5,6,6,6,6,6,5,5,5,5,5,4,6,6,6,6,6,6,5,6,6,6,5,5,6,6,3,5,4,4,5,5,4,5,5,5,6,6,6,6,5,6,6,4,1,1,1,1,1,1,1,1,1,1,1,2,3,1,4,4,2,1,0,0,0,0,0,0,1,0,0,0,67,97,30,49,50,1,31,1,1
164,0,1,*17/*17,N,0,*1/*1,N,0,*2/*4,1,N,0,*3/*3,N,0,C/T,Y,1,NA,NA,NA,NA,NA,NA,NA,NA,NA,NA,NA,NA,NA,NA,NA,NA,NA,NA,NA,NA,NA,NA,NA,NA,A/G,Y,1,NA,Y,1,1,0,1,2,2,1,5,1,5,1,6,1,5,1,5,1,5,1,5,1,2,1,5,1,2,1,5,1,5,1,5,1,3,1,5,1,3,1,3,1,4,1,5,1,5,1,5,4,6,5,2,5,2,5,2,2,2,5,4,1,4,3,4,1,1,1,3,1,4,1,4,4,3,1,1,1,2,4,3,4,5,6,5,5,5,3,4,0,1,0,0,1,1,0,1,0,0,1,2,4,3,2,2,2,1,0,1,1,0,1,0,0,0,1,0,20,80,60,29,33,4,64,1,0
165,0,3,*1/*1,N,0,*1/*1,N,0,*10+*36/*10+*36,0.5,N,0,*1/*3,Y,1,T/T,N,0,*1/*1,N,0,Negative,N,0,Negative,N,0,Negative,N,0,Negative,N,0,C/C,N,0,*1/*1,N,0,*1/*1,N,0,A/G,Y,1,NA,Y,1,1,0,3,5,5,5,5,5,5,5,5,5,5,5,5,5,5,5,5,5,5,5,5,5,5,5,5,5,5,5,5,5,5,5,5,5,5,5,5,5,5,4,4,4,4,4,4,4,4,5,5,4,4,4,4,5,5,5,5,2,4,4,3,2,2,1,2,3,3,2,2,2,2,2,2,2,2,4,4,4,4,4,4,4,4,4,2,0,0,1,1,0,0,0,1,0,0,2,2,4,1,3,3,2,1,0,0,1,0,0,0,1,1,0,0,95,95,0,39,39,0,0,0,0
166,0,3,*1/*2,N,0,*1/*1,N,0,*41/*41,1,N,0,*3/*3,N,0,T/T,N,0,*1/*1,N,0,Negative,N,0,Negative,N,0,Negative,N,0,Negative,N,0,C/C,N,0,*1/*1,N,0,*1/*28,N,0,G/G,N,0,NA,N,0,0,0,3,2,4,2,4,2,4,3,4,3,4,3,4,2,4,2,4,3,5,2,4,1,4,2,5,2,3,2,4,2,4,2,4,2,4,2,5,2,5,4,2,2,1,4,3,4,3,4,3,4,3,3,2,3,2,3,2,3,3,1,1,1,1,1,1,2,1,1,1,2,2,2,2,1,1,5,6,5,5,5,5,5,5,5,5,0,0,1,1,0,1,1,0,0,0,2,3,4,4,1,1,2,1,0,0,0,0,0,1,0,1,0,0,41,79,38,31,21,-10,28,0,0
167,1,4,*1/*1,N,0,*1/*1,N,0,*10+*36/*41,0.75,N,0,*1/*3,Y,1,T/T,N,0,*1/*1,N,0,Negative,N,0,TT,N,0,Negative,N,0,Negative,N,0,C/T,Y,2,*1/*1,N,0,*6/*28,Y,1,A/A,Y,1,NA,Y,3,4,1,4,4,4,3,4,3,5,4,4,4,5,4,4,3,4,4,4,3,3,3,3,1,3,2,4,2,4,2,4,3,4,2,4,1,3,1,4,1,3,5,5,4,4,4,4,5,5,5,5,4,4,4,4,5,5,5,5,5,5,5,4,5,4,4,4,5,5,4,4,3,5,4,4,4,5,2,3,3,1,2,2,2,1,1,4,1,1,1,1,1,0,1,1,1,1,2,2,4,3,2,3,2,2,1,1,1,0,0,1,0,0,1,1,50,73,23,41,41,0,23,1,1
168,0,3,*2/*2,N,1,*1/*1,N,0,*10/*59,0.75,N,0,*3/*3,N,0,T/T,N,0,*1/*1,N,0,Negative,N,0,Negative,N,0,Negative,N,0,Negative,N,0,C/C,N,0,*1/*1,N,0,*1/*1,N,0,A/G,Y,1,NA,N,0,1,0,3,1,5,1,4,1,4,1,5,1,5,1,5,1,4,1,5,1,4,1,4,1,5,1,5,1,5,1,5,1,4,1,5,1,5,1,5,1,5,5,5,5,5,6,6,5,6,5,6,4,6,4,4,5,6,5,6,1,3,5,2,2,2,1,2,1,1,1,1,3,3,1,3,2,1,5,5,5,5,6,6,5,6,6,4,1,1,1,1,1,1,1,1,1,1,2,2,4,3,2,2,2,1,1,1,1,1,1,1,1,1,1,1,19,89,70,44,50,6,76,1,1
169,1,4,*1/*2,N,0,*1/*2,N,0,*6/*35,1,N,0,*3/*3,N,0,T/T,N,0,*1/*1,N,0,Negative,N,0,TT,N,0,Negative,N,0,Negative,N,0,C/C,N,0,*1/*1,N,0,*28/*28,Y,1,A/G,Y,1,NA,Y,1,1,1,4,2,5,2,4,2,6,2,5,2,5,2,5,2,4,2,4,1,3,2,4,1,5,2,4,1,5,1,5,1,5,1,5,2,5,2,5,1,4,4,5,4,6,5,6,5,6,4,6,4,5,4,5,4,6,4,5,3,3,4,3,3,3,2,2,2,2,2,3,3,3,3,3,3,3,3,4,4,3,2,2,2,3,2,3,1,1,1,1,1,1,0,1,1,1,2,2,4,3,1,2,2,1,0,0,1,0,0,0,1,0,0,0,31,88,57,38,50,12,69,0,1
170,0,4,*1/*17,N,0,*1/*3,N,0,*2A/*4,1,N,0,*3/*3,N,0,T/T,N,0,*1/*1,N,0,Negative,N,0,TT,N,0,Negative,N,0,Negative,N,0,C/C,N,0,*1/*1,N,0,*28/*28,Y,1,A/G,Y,1,NA,Y,1,1,0,4,3,6,3,6,3,6,2,6,2,6,1,6,2,6,2,6,3,6,3,6,3,6,2,6,4,6,4,5,3,5,5,6,5,6,4,6,2,6,4,1,4,1,4,6,4,6,4,6,4,6,5,6,5,6,5,6,6,6,6,6,6,6,6,6,6,6,6,6,6,6,6,6,6,6,1,1,1,1,1,1,1,1,1,5,1,0,0,0,0,0,0,1,1,0,2,2,3,5,2,2,2,1,1,0,0,1,0,0,1,0,1,0,56,112,56,39,44,5,61,1,1
171,1,2,*1/*1,N,0,*1/*2,N,0,NA,NA,NA,NA,NA,NA,NA,NA,NA,NA,NA,NA,NA,NA,NA,NA,NA,NA,NA,NA,NA,NA,NA,NA,NA,NA,NA,NA,NA,NA,NA,NA,NA,NA,A/G,Y,1,NA,N,0,0,1,2,3,4,3,4,3,5,3,5,2,5,2,4,2,3,2,4,2,5,2,5,2,4,3,4,2,4,2,4,3,5,2,3,2,4,2,4,2,5,3,4,3,5,4,6,4,6,5,5,3,5,5,6,5,6,5,6,3,4,5,4,3,3,3,3,3,4,3,3,4,3,2,2,2,3,3,4,5,5,6,6,5,4,6,2,1,1,1,1,1,0,1,1,1,1,2,2,4,3,1,2,1,1,1,1,1,0,0,0,1,1,1,0,44,81,37,37,49,12,49,1,1
172,1,2,*17/*17,N,0,*1/*1,N,0,NA,NA,NA,NA,NA,NA,NA,NA,NA,NA,NA,NA,NA,NA,NA,NA,NA,NA,NA,NA,NA,NA,NA,NA,NA,NA,NA,NA,NA,NA,NA,NA,NA,NA,A/A,Y,1,NA,N,0,0,1,2,5,6,2,5,1,3,1,5,1,5,1,4,1,4,1,4,1,4,3,6,1,5,1,2,1,3,1,3,1,4,1,5,1,4,1,5,1,5,4,5,2,5,4,5,5,6,4,6,4,5,4,6,6,6,6,6,3,4,5,5,3,4,2,3,3,5,1,4,4,4,3,3,4,3,5,6,6,6,6,5,5,5,5,4,1,1,1,1,1,1,1,0,1,0,2,3,3,1,1,1,2,1,1,1,1,0,1,1,1,0,0,0,26,82,56,39,50,11,67,1,1
173,0,1,*1/*17,N,0,*1/*1,N,0,*1/*2,2,N,0,*3/*3,N,0,T/T,N,0,NA,NA,NA,NA,NA,NA,NA,NA,NA,NA,NA,NA,NA,NA,NA,NA,NA,NA,NA,NA,NA,NA,NA,NA,A/A,Y,1,NA,N,0,0,0,1,5,5,3,4,2,3,5,5,2,3,3,4,3,4,3,4,2,2,3,4,1,1,1,2,2,3,2,3,2,4,1,3,2,3,2,5,2,5,3,5,4,5,4,5,4,6,5,5,3,3,4,3,5,5,5,6,4,4,4,5,3,5,5,4,4,5,3,2,2,4,3,4,5,6,5,6,6,5,6,5,6,6,6,3,1,1,1,0,0,1,1,0,1,0,2,2,3,3,2,2,1,1,1,1,0,1,0,1,1,0,0,1,46,67,21,37,43,6,27,1,1
174,0,4,*1/*1,N,0,*1/*1,N,0,*4/*4+*68,0,Y,3,*3/*3,N,0,T/T,N,0,*1/*1,N,0,Negative,N,0,TT,N,0,Negative,N,0,Negative,N,0,C/C,N,0,*1/*1,N,0,*28/*28,Y,1,A/G,Y,1,NA,Y,2,4,0,4,4,6,2,4,2,5,3,5,1,3,1,4,2,4,1,4,1,4,2,5,1,4,3,5,1,5,1,5,1,4,1,4,1,4,1,4,1,4,6,4,5,5,6,6,6,6,6,6,5,2,5,2,5,5,5,5,5,4,5,4,3,4,2,2,4,4,2,2,2,2,2,1,2,1,2,3,2,1,1,1,1,1,1,4,1,1,1,1,0,1,1,1,1,1,2,2,4,2,1,1,2,2,1,1,0,1,0,0,1,1,1,1,30,83,53,49,41,-8,45,1,1
175,1,4,*1/*1,N,0,*1/*1,N,0,*5/*10,0.25,N,0,*1/*1,Y,1,T/T,N,0,*1/*1,N,0,Negative,N,0,TT,N,0,Negative,N,0,Negative,N,0,C/C,N,0,*1/*1,N,0,*1/*1,N,0,A/A,Y,1,NA,Y,1,1,1,4,2,5,4,6,2,6,1,5,1,5,1,5,1,3,1,5,1,4,1,5,1,4,1,4,1,5,1,4,1,5,1,5,1,5,1,5,1,5,3,5,2,5,2,5,4,6,6,6,5,6,5,6,5,6,4,6,3,4,3,3,2,2,1,1,1,1,1,1,1,1,1,1,1,1,3,4,4,3,1,2,2,2,1,5,1,0,1,0,0,0,0,0,0,1,2,2,3,1,1,1,2,1,0,0,0,1,0,0,0,0,1,0,24,91,67,36,51,15,82,1,1
176,1,3,*1/*2,N,0,*1/*1,N,0,*1/*10,1.25,N,0,*1/*1,Y,1,C/T,Y,1,*1/*1,N,0,Negative,N,0,Negative,N,0,Negative,N,0,Negative,N,0,C/C,N,0,*1/*3C,Y,2,*1/*6,N,0,A/A,Y,1,NA,Y,3,4,1,3,6,6,4,4,6,6,6,6,5,5,6,6,5,5,5,5,4,5,6,6,6,6,3,3,4,5,3,3,3,3,3,3,2,2,4,4,4,4,4,5,2,3,5,6,6,6,6,6,6,6,6,6,6,6,6,6,6,6,6,5,4,4,4,4,4,4,4,4,4,4,4,4,4,4,2,4,4,5,6,6,4,6,6,2,1,1,0,0,0,0,0,0,1,0,2,2,4,3,1,1,2,2,0,0,0,1,1,1,0,0,0,0,85,87,2,47,50,3,5,0,0
177,1,3,*1/*1,N,0,*1/*1,N,0,*1/*41,1.5,N,0,*3/*3,N,0,T/T,N,0,*1/*1,N,0,Negative,N,0,Negative,N,0,Negative,N,0,Negative,N,0,C/C,N,0,*1/*1,N,0,*1/*28,N,0,A/G,Y,1,NA,N,0,0,1,3,1,4,5,5,1,5,1,4,1,4,1,4,1,4,1,4,1,3,1,4,1,3,1,3,1,4,1,4,1,4,1,3,1,3,1,4,1,4,4,4,4,4,4,5,4,5,6,6,6,6,6,6,6,6,5,6,2,5,5,5,4,3,3,4,2,3,1,4,4,4,3,3,3,3,4,4,4,4,5,5,5,5,5,2,1,1,0,1,0,0,0,1,1,0,2,2,3,1,2,2,2,1,0,0,0,0,0,0,0,1,0,1,23,73,50,45,48,3,53,0,1
178,1,3,*1/*1,N,0,*1/*1,N,0,*10/*10+*36,0.5,N,0,*1/*1,Y,1,T/T,N,0,*1/*1,N,0,Negative,N,0,Positive,Y,3,Negative,N,0,Negative,N,0,C/C,N,0,*1/*1,N,0,*1/*1,N,0,A/A,Y,1,NA,Y,2,4,1,3,6,6,1,2,1,3,6,6,1,2,6,6,1,2,1,4,1,4,3,5,1,3,1,3,1,4,1,3,1,4,1,4,1,2,1,4,1,2,6,6,6,6,6,6,6,6,6,6,6,6,6,6,6,6,6,6,2,1,1,1,1,2,2,2,2,2,2,1,2,2,1,1,1,1,5,4,4,5,5,5,5,5,5,5,0,0,0,1,0,0,0,0,1,0,2,2,4,1,2,2,2,1,0,0,0,0,1,0,0,0,0,0,36,69,33,54,54,0,33,0,1
179,0,2,*1/*2,N,0,*1/*1,N,0,NA,NA,NA,NA,NA,NA,NA,NA,NA,NA,NA,NA,NA,NA,NA,NA,NA,NA,NA,NA,NA,NA,NA,NA,NA,NA,NA,NA,NA,NA,NA,NA,NA,NA,A/G,Y,1,NA,N,0,0,0,2,3,5,2,5,3,6,2,5,1,5,1,5,2,4,2,4,1,1,2,4,1,5,2,6,2,5,2,5,2,5,1,6,1,6,1,6,1,5,4,5,4,5,4,5,5,6,6,6,4,3,4,3,6,6,6,6,4,5,4,5,4,6,5,4,2,5,4,4,4,4,5,5,5,4,4,6,6,6,6,5,5,6,6,5,1,1,1,1,1,1,0,1,1,1,2,2,4,3,3,3,2,1,1,1,1,0,0,0,0,1,1,1,32,93,61,43,45,2,63,1,1
180,0,1,*2/*3,Y,1,*1/*1,N,0,*10/*41,0.75,N,0,*3/*3,N,0,C/T,Y,1,NA,NA,NA,NA,NA,NA,NA,NA,NA,NA,NA,NA,NA,NA,NA,NA,NA,NA,NA,NA,NA,NA,NA,NA,A/A,Y,1,NA,Y,2,2,0,1,3,4,2,5,2,4,3,4,1,5,2,4,3,3,3,4,3,3,3,4,2,3,3,4,2,4,3,4,2,5,2,5,2,3,2,4,1,4,2,5,2,5,2,5,2,6,5,6,5,5,5,5,5,6,6,6,4,2,2,3,2,2,2,3,3,4,3,2,5,5,4,4,4,3,4,2,4,6,6,6,5,6,6,2,0,1,0,0,0,1,0,0,0,0,2,2,3,3,2,2,2,1,1,0,0,0,0,0,0,1,1,0,44,76,32,34,49,15,47,1,0
181,0,4,*1/*2,N,0,*1/*3,N,0,*10/*10+*36,0.5,N,0,*3/*3,N,0,T/T,N,0,*1/*1,N,0,Negative,N,0,TT,N,0,Negative,N,0,Negative,N,0,C/C,N,0,*1/*1,N,0,*1/*28,N,0,A/G,Y,1,NA,N,0,0,0,4,5,5,5,5,5,5,5,5,5,5,5,5,3,4,3,4,2,4,1,4,1,4,2,3,2,4,2,4,2,4,2,4,3,4,2,4,2,4,3,4,3,4,4,5,5,6,5,6,5,6,5,6,6,6,6,6,6,6,6,6,6,6,6,6,6,6,6,6,6,6,6,6,6,6,1,1,1,1,1,1,1,1,1,5,1,1,1,1,1,0,1,0,0,1,2,2,3,3,1,1,2,1,0,0,0,1,0,0,0,0,0,1,57,81,24,42,49,7,31,1,1
182,0,3,*1/*1,N,0,*1/*1,N,0,*1/*5,1,N,0,*1/*3,Y,1,T/T,N,0,*1/*1,N,0,Negative,N,0,Negative,N,0,Negative,N,0,Negative,N,0,C/C,N,0,*1/*1,N,0,*1/*28,N,0,A/G,Y,1,NA,Y,1,1,0,3,6,6,3,3,3,4,3,4,1,2,2,2,3,3,3,3,4,5,4,5,2,3,2,2,2,3,2,3,2,3,2,2,1,2,1,2,2,2,4,4,4,4,4,5,4,5,5,5,4,4,4,3,5,5,5,6,2,3,2,2,2,2,2,2,3,3,2,2,2,2,1,1,2,1,4,4,3,5,5,5,5,6,6,5,1,0,0,1,0,0,0,0,1,1,2,2,4,1,2,2,2,1,1,0,0,0,0,0,0,0,0,1,48,59,11,39,41,2,13,1,1
183,1,2,*1/*1,N,0,*1/*2,N,0,NA,NA,NA,NA,NA,NA,NA,NA,NA,NA,NA,NA,NA,NA,NA,NA,NA,NA,NA,NA,NA,NA,NA,NA,NA,NA,NA,NA,NA,NA,NA,NA,NA,NA,G/G,N,0,NA,N,0,0,1,2,3,5,2,5,2,5,2,5,2,5,2,5,2,5,2,5,3,5,2,5,2,5,2,5,2,5,2,5,2,5,2,5,2,5,2,5,2,5,5,5,2,4,2,4,6,6,5,5,2,2,4,4,5,5,5,5,5,4,4,4,3,3,2,2,3,4,3,3,3,3,2,2,2,2,4,4,4,5,4,4,4,4,4,3,1,0,0,0,0,0,0,1,1,1,2,2,3,2,1,1,2,1,1,0,0,0,1,0,0,1,1,1,40,95,55,36,40,4,59,1,1
184,1,3,*1/*1,N,0,*1/*1,N,0,*1/*1,2,N,0,*3/*3,N,0,T/T,N,0,*1/*1,N,0,Negative,N,0,Negative,N,0,Negative,N,0,Negative,N,0,C/C,N,0,*1/*1,N,0,*1/*1,N,0,G/G,N,0,NA,N,0,0,1,3,2,3,3,4,3,5,2,5,4,1,5,1,5,1,1,5,5,2,2,5,1,5,2,5,1,5,1,5,2,5,1,5,1,4,1,4,1,4,4,5,4,5,5,6,5,6,5,6,5,6,5,6,5,6,5,6,4,4,5,4,3,4,3,3,3,3,1,3,3,3,2,2,3,2,5,4,5,5,6,6,6,5,6,4,1,1,1,1,0,0,1,1,1,1,2,2,4,3,2,2,2,1,1,1,1,0,0,0,0,1,0,0,43,74,31,43,52,9,40,1,1
185,1,4,*1/*3,Y,0,*1/*1,N,0,*1/*10+*36,1.25,N,0,*1/*3,Y,1,C/T,Y,1,*1/*1,N,0,Negative,N,0,TA,N,0,Negative,N,0,Negative,N,0,C/T,Y,2,*1/*1,N,0,*1/*1,N,0,A/G,Y,1,NA,Y,4,4,1,4,2,6,2,5,1,4,3,5,1,4,1,4,1,4,1,4,1,5,1,5,1,5,1,4,1,5,1,5,1,5,1,4,1,4,1,4,1,4,5,5,5,5,5,6,5,6,4,6,4,6,4,6,4,6,5,6,6,4,4,4,3,3,4,6,4,5,4,4,4,4,4,4,4,4,3,3,3,1,2,2,1,1,1,4,1,1,0,1,0,0,1,1,0,0,2,3,3,3,1,1,2,1,0,0,0,0,0,1,0,1,0,0,23,86,63,41,52,11,74,0,1
186,0,4,*1/*2,N,0,*1/*2,N,0,*2A/*41,0.5,N,0,*3/*3,N,0,T/T,N,0,*1/*2A,Y,1,Negative,N,0,TT,N,0,Negative,N,0,Negative,N,0,C/C,N,0,*1/*1,N,0,*1/*1,N,0,G/G,N,0,NA,Y,1,1,0,4,5,5,2,4,2,3,3,4,3,5,3,4,2,4,3,4,2,5,3,5,2,4,3,4,2,4,2,4,2,4,3,4,2,4,2,4,3,5,5,5,3,4,4,5,5,5,5,5,5,5,5,5,5,5,5,5,5,4,4,2,4,2,4,4,2,4,2,2,2,2,2,2,2,3,3,4,3,2,1,1,1,1,1,4,1,1,1,1,1,0,0,0,1,0,2,2,4,3,1,1,2,2,0,0,1,0,0,0,0,0,0,1,49,80,31,42,44,2,33,0,1
187,0,3,*1/*1,N,0,*1/*2,N,0,*1/*2A,2,N,0,*3/*3,N,0,T/T,N,0,*1/*1,N,0,Negative,N,0,Negative,N,0,Negative,N,0,Negative,N,0,C/C,N,0,*1/*1,N,0,*1/*28,N,0,G/G,N,0,NA,N,0,0,0,3,6,6,6,6,6,6,6,6,6,6,6,6,6,6,6,6,6,6,6,6,6,6,6,6,6,6,6,6,6,6,6,6,3,3,2,2,3,3,4,4,5,5,5,5,6,6,6,6,6,6,6,6,6,6,6,6,6,1,3,6,6,6,6,6,1,2,1,2,2,2,2,2,2,2,4,4,4,6,6,6,6,6,6,4,0,0,0,1,0,1,0,1,0,0,1,2,3,3,1,1,2,1,0,0,1,0,0,0,0,0,0,0,104,104,0,50,50,0,0,0,0
188,0,3,*1/*2,N,0,*1/*3,N,0,*1/*41,1.5,N,0,*3/*3,N,0,T/T,N,0,*1/*1,N,0,Negative,N,0,Negative,N,0,Negative,N,0,Negative,N,0,C/C,N,0,*1/*1,N,0,*1/*6,N,0,A/G,Y,1,NA,N,0,0,0,3,2,5,2,5,2,6,6,6,4,6,2,6,3,5,6,6,1,4,2,6,1,4,3,5,4,6,2,6,2,6,2,6,2,6,2,6,3,6,4,4,4,4,4,4,4,4,6,6,6,6,6,6,2,2,3,3,6,6,6,6,6,6,5,5,6,6,6,5,5,5,5,5,5,4,3,5,5,4,6,6,6,5,5,3,1,0,1,0,0,0,1,1,1,1,1,2,4,1,1,2,2,1,0,0,0,0,0,0,0,0,1,1,51,106,55,39,39,0,55,1,1
189,0,1,*1/*1,N,0,*1/*1,N,0,*1/*10,1.25,N,0,*3/*3,N,0,C/T,Y,1,NA,NA,NA,NA,NA,NA,NA,NA,NA,NA,NA,NA,NA,NA,NA,NA,NA,NA,NA,NA,NA,NA,NA,NA,A/A,Y,1,NA,Y,1,1,0,1,4,5,4,5,4,5,4,4,2,3,3,4,4,5,4,5,4,5,3,4,2,3,4,5,3,4,3,4,4,5,3,4,4,5,3,4,3,4,3,4,3,4,3,4,4,5,4,5,4,5,4,5,4,5,4,5,4,4,4,3,3,3,3,4,3,4,3,3,4,4,3,4,3,3,4,4,4,4,4,4,4,5,4,5,1,1,1,1,0,1,0,1,1,1,1,2,4,2,2,2,2,1,0,1,1,1,0,0,0,1,1,1,65,83,18,33,42,9,27,1,1
190,0,1,*1/*17,N,0,*1/*3,N,0,*4/*10,0.25,N,0,*3/*3,N,0,T/T,N,0,NA,NA,NA,NA,NA,NA,NA,NA,NA,NA,NA,NA,NA,NA,NA,NA,NA,NA,NA,NA,NA,NA,NA,NA,G/G,N,0,NA,N,0,0,0,1,2,3,3,4,1,4,4,5,1,2,2,3,2,2,2,3,3,4,3,6,3,4,3,5,3,4,2,4,3,5,1,3,2,4,2,5,2,5,4,6,5,6,6,6,4,6,5,3,5,2,4,2,5,4,5,6,5,4,5,5,6,5,2,2,3,3,2,5,4,3,2,3,2,2,5,4,5,5,6,4,5,6,6,2,0,0,0,0,0,0,0,0,1,1,2,2,2,1,1,1,2,1,0,0,0,0,0,0,0,1,0,0,44,75,31,43,41,-2,29,0,1
191,1,4,*17/*17,N,0,*1/*1,N,0,*1/*5,1,N,0,*6/*6,N,0,T/T,N,0,*1/*1,N,0,Negative,N,0,TT,N,0,Negative,N,0,Negative,N,0,C/C,N,0,*1/*1,N,0,*1/*1,N,0,G/G,N,0,NA,N,0,0,1,4,5,5,4,5,3,5,4,6,2,5,3,5,5,5,5,6,4,5,5,6,3,5,4,5,5,6,4,5,4,5,3,5,4,5,3,5,3,5,5,6,5,6,5,6,5,6,5,6,4,6,4,6,4,6,5,6,6,6,6,6,3,5,6,6,4,6,4,4,5,5,4,4,4,3,2,2,2,2,2,2,2,2,2,5,1,1,0,1,1,1,1,1,0,1,1,2,3,1,1,1,2,1,1,0,1,0,0,0,0,0,0,1,73,99,26,42,54,12,38,1,1
192,1,4,*1/*3,Y,0,*1/*1,N,0,*2A/*2A,2,N,0,*3/*3,N,0,C/T,Y,1,*1/*1,N,0,Negative,N,0,TT,N,0,Positive,Y,1,Negative,N,0,C/C,N,0,*1/*1,N,0,*1/*1,N,0,G/G,N,0,NA,Y,3,2,1,4,4,6,4,6,5,6,6,6,3,5,3,6,5,6,5,5,2,6,5,5,2,5,5,6,5,5,5,5,4,5,5,6,4,5,4,4,1,4,5,4,5,6,5,6,6,6,6,6,6,6,6,6,6,6,4,4,6,6,6,6,6,6,6,6,6,6,5,5,5,5,5,4,4,3,2,2,2,1,1,1,1,1,1,2,1,1,1,0,0,0,0,1,1,0,2,2,3,3,3,3,1,2,1,0,0,0,0,0,1,1,1,1,77,102,25,49,50,1,26,1,1
193,1,3,*1/*17,N,0,*1/*2,N,0,*1/*1,2,N,0,*3/*3,N,0,T/T,N,0,*1/*1,N,0,Negative,N,0,Negative,N,0,Negative,N,0,Negative,N,0,C/C,N,0,*1/*3A,Y,2,*1/*1,N,0,A/G,Y,1,NA,Y,1,2,1,3,5,6,5,5,5,6,5,6,5,5,5,5,4,5,4,4,3,3,4,5,5,5,4,5,4,5,3,5,4,5,3,5,3,4,4,5,4,5,4,4,4,6,4,5,6,6,6,6,6,6,5,5,5,6,6,6,4,6,5,5,4,4,4,5,3,4,3,4,5,5,3,4,4,4,4,5,5,6,5,5,5,6,5,4,1,1,0,0,1,0,0,0,1,1,1,2,3,3,4,4,2,1,0,0,0,1,0,1,0,0,0,0,79,94,15,46,50,4,19,0,1
194,0,2,*1/*17,N,0,*1/*1,N,0,NA,NA,NA,NA,NA,NA,NA,NA,NA,NA,NA,NA,NA,NA,NA,NA,NA,NA,NA,NA,NA,NA,NA,NA,NA,NA,NA,NA,NA,NA,NA,NA,NA,NA,G/G,N,0,NA,N,0,0,0,2,2,4,2,5,2,2,2,5,2,5,6,2,1,3,2,4,2,4,3,6,2,3,2,4,2,5,3,4,3,4,2,3,3,5,3,5,3,5,3,3,5,4,5,5,5,5,5,5,4,3,2,2,5,5,5,5,4,4,2,3,3,3,2,2,3,4,2,3,4,4,2,2,2,2,6,6,6,6,6,4,4,4,6,4,1,0,0,1,0,1,0,0,1,0,1,2,3,1,2,2,2,1,1,1,1,0,0,1,0,0,0,0,47,78,31,39,37,-2,29,0,1
195,1,4,*1/*1,N,0,*1/*1,N,0,*1/*1,2,N,0,*3/*3,N,0,C/T,Y,1,*1/*1,N,0,Negative,N,0,TT,N,0,Negative,N,0,Negative,N,0,C/C,N,0,*1/*1,N,0,*1/*1,N,0,G/G,N,0,NA,Y,1,1,1,4,4,6,5,6,4,6,5,6,4,5,4,6,4,5,4,6,3,5,3,5,4,6,3,5,3,5,3,5,3,5,3,6,3,6,3,6,3,6,4,5,4,5,4,5,5,6,5,6,4,6,4,6,4,6,4,6,6,5,4,4,4,4,4,4,3,3,3,4,3,3,5,3,4,4,2,3,2,2,2,2,2,2,2,5,1,1,1,1,1,1,1,1,1,1,1,2,4,3,1,2,2,2,0,1,0,1,0,0,1,0,1,0,68,106,38,38,51,13,51,1,1
196,1,4,*2/*17,Y,0,*1/*1,N,0,*1/*35,2,N,0,*3/*3,N,0,C/C,Y,1,*1/*1,N,0,Negative,N,0,TT,N,0,Negative,N,0,Negative,N,0,C/C,N,0,*1/*1,N,0,*1/*28,N,0,G/G,N,0,NA,Y,2,1,1,4,3,5,3,5,3,6,2,5,1,5,2,5,2,5,2,5,2,3,2,6,2,5,2,5,2,6,2,6,2,6,2,4,1,5,1,4,1,4,2,5,3,5,3,5,4,6,5,6,5,6,4,5,5,6,5,6,4,3,4,4,3,3,2,2,2,2,2,2,2,2,2,2,2,2,3,4,2,2,1,1,2,2,2,4,1,1,1,0,0,1,1,0,1,0,2,2,4,1,2,2,2,1,0,0,0,0,0,0,0,1,1,0,37,95,58,36,50,14,72,0,1
197,1,3,*1/*1,N,0,*1/*1,N,0,*10/*10,0.5,N,0,*1/*3,Y,1,C/T,Y,1,*1/*1,N,0,Negative,N,0,Negative,N,0,Negative,N,0,Negative,N,0,C/C,N,0,*1/*3C,Y,2,*1/*6,N,0,A/A,Y,1,NA,Y,3,4,1,3,6,6,6,6,5,6,5,6,4,6,4,6,3,6,3,5,3,4,3,4,3,5,3,4,4,5,3,5,3,4,3,5,3,5,3,5,3,5,6,6,6,6,6,6,6,6,6,6,6,6,6,6,6,6,6,6,6,6,6,6,6,6,4,4,5,4,3,3,3,3,3,3,3,3,5,5,6,6,6,5,5,6,6,1,1,1,1,1,0,1,1,0,0,0,2,3,4,3,2,3,1,2,0,0,0,0,0,0,0,1,0,1,70,98,28,54,54,0,28,0,1
198,0,1,*1/*2,N,0,*1/*3,N,0,*4/*4,0,Y,3,*3/*3,N,0,T/T,N,0,NA,NA,NA,NA,NA,NA,NA,NA,NA,NA,NA,NA,NA,NA,NA,NA,NA,NA,NA,NA,NA,NA,NA,NA,G/G,N,0,NA,Y,1,3,0,1,4,6,4,5,5,6,5,6,4,5,4,5,3,5,4,5,2,5,4,6,2,5,3,5,4,6,4,6,4,6,4,5,3,5,5,6,2,5,4,6,5,6,4,5,6,6,6,6,4,4,4,4,6,6,6,6,3,4,6,5,3,4,2,2,3,5,3,3,2,2,3,4,4,4,5,5,5,6,6,5,5,5,6,4,1,0,1,0,0,0,0,1,1,1,2,2,4,1,3,2,2,1,1,1,1,1,0,0,0,0,1,1,70,103,33,45,49,4,37,1,0
199,0,3,*1/*17,N,0,*1/*1,N,0,*1/*41,1.5,N,0,*3/*3,N,0,T/T,N,0,*1/*1,N,0,Negative,N,0,Negative,N,0,Negative,N,0,Negative,N,0,C/C,N,0,*1/*1,N,0,*28/*28,Y,1,A/G,Y,1,NA,Y,1,1,0,3,4,4,3,4,2,5,3,5,2,4,3,4,2,3,3,3,2,4,4,5,2,4,3,4,2,5,2,5,2,5,2,5,1,5,2,5,2,5,5,6,5,6,6,6,4,6,5,5,4,6,5,5,6,6,6,6,3,2,3,2,2,4,2,2,2,2,2,2,3,3,3,2,2,3,4,6,6,6,6,4,5,6,6,3,1,0,0,0,1,1,0,0,1,0,2,2,4,3,2,2,2,2,1,0,0,0,0,1,0,0,1,1,46,84,38,46,52,6,44,1,1
200,0,2,*1/*2,N,0,*1/*1,N,0,NA,NA,NA,NA,NA,NA,NA,NA,NA,NA,NA,NA,NA,NA,NA,NA,NA,NA,NA,NA,NA,NA,NA,NA,NA,NA,NA,NA,NA,NA,NA,NA,NA,NA,A/A,Y,1,NA,N,0,0,0,2,2,5,3,6,1,5,2,5,1,5,1,5,1,5,1,5,3,6,2,4,1,5,1,4,2,6,2,5,1,5,1,5,1,4,1,5,1,5,5,4,5,5,5,5,5,6,5,6,5,5,5,5,5,6,5,6,6,4,3,5,4,4,3,4,5,5,5,4,5,5,5,5,5,6,5,5,5,5,6,6,6,6,6,5,1,1,1,0,1,1,0,0,1,0,2,2,4,3,1,3,2,1,1,1,0,0,0,0,0,0,0,1,28,95,67,45,48,3,70,1,1
201,1,3,*1/*1,N,0,*1/*1,N,0,*10/*10+*36,0.5,N,0,*1/*3,Y,1,T/T,N,0,*1/*1,N,0,Negative,N,0,Negative,N,0,Positive,Y,1,Negative,N,0,C/T,Y,2,*1/*1,N,0,*1/*1,N,0,A/A,Y,1,NA,Y,3,4,1,3,3,4,3,4,2,2,2,3,3,4,3,5,3,5,3,4,2,3,2,4,2,3,3,4,3,5,3,4,3,4,3,4,2,3,2,4,3,4,3,4,4,5,4,5,4,5,5,5,5,6,4,5,5,5,5,5,4,4,4,5,4,4,4,4,4,4,4,4,3,3,3,3,3,2,3,4,4,4,4,4,4,4,4,4,1,1,1,1,1,1,0,1,1,0,1,2,4,3,1,2,2,1,1,0,0,1,0,0,0,0,0,0,50,73,23,39,45,6,29,0,1
202,0,4,*1/*17,N,0,*1/*3,N,0,*1/*4,1,N,0,*3/*3,N,0,T/T,N,0,*1/*1,N,0,Negative,N,0,TT,N,0,Negative,N,0,Negative,N,0,C/C,N,0,*1/*1,N,0,*1/*28,N,0,A/G,Y,1,NA,N,0,0,0,4,2,5,2,5,1,4,1,6,1,5,1,5,1,4,1,3,1,3,1,4,1,4,1,3,1,4,1,4,2,4,1,5,1,5,1,4,1,4,4,5,4,5,4,6,4,6,5,6,4,4,4,4,4,6,5,6,4,5,5,4,3,3,2,2,3,3,3,3,4,4,3,3,2,3,3,3,2,2,2,2,2,1,1,5,1,1,1,0,0,1,1,1,1,1,2,2,4,3,2,4,1,1,1,0,0,0,0,0,0,0,1,1,22,81,59,38,48,10,69,1,1
203,0,3,*1/*1,N,0,*1/*1,N,0,*1/*4+*68,1,N,0,*3/*3,N,0,T/T,N,0,*1/*1,N,0,Negative,N,0,Negative,N,0,Negative,N,0,Negative,N,0,C/C,N,0,*1/*1,N,0,*1/*1,N,0,A/G,Y,1,NA,N,0,0,0,3,3,6,4,6,3,5,3,5,2,5,2,5,2,5,2,6,1,5,2,6,1,5,1,5,2,6,2,6,1,6,2,5,2,5,1,5,1,5,4,5,4,5,4,5,4,5,5,5,2,5,1,1,6,6,6,6,4,4,3,5,1,4,2,4,1,2,1,2,4,4,1,1,1,1,2,2,2,4,4,6,4,6,6,4,1,1,1,1,1,1,0,1,1,1,1,2,4,1,2,2,2,1,0,0,0,1,0,1,1,1,1,0,37,102,65,36,43,7,72,1,1
204,0,4,*1/*1,N,0,*1/*1,N,0,*2A/*2A,2,N,0,*3/*3,N,0,C/T,Y,1,*1/*1,N,0,Negative,N,0,TT,N,0,Negative,N,0,Negative,N,0,C/C,N,0,*1/*3A,Y,2,*1/*28,N,0,G/G,N,0,NA,Y,2,3,0,4,3,6,4,6,3,6,4,6,1,4,1,4,2,4,2,4,2,5,2,5,1,4,2,5,1,4,1,4,1,4,1,4,1,4,1,4,1,4,2,5,2,5,2,5,2,5,2,5,2,5,2,5,2,5,2,5,4,3,4,4,4,4,2,3,4,4,3,4,3,3,3,4,4,4,3,3,3,3,1,1,1,2,1,1,0,1,0,1,1,0,0,1,0,0,2,2,3,3,1,2,2,1,1,0,0,0,0,0,0,0,1,1,34,87,53,18,45,27,80,1,0
205,0,1,*2/*3,Y,1,*1/*1,N,0,*1/*1,2,N,0,*1/*1,Y,1,T/T,N,0,NA,NA,NA,NA,NA,NA,NA,NA,NA,NA,NA,NA,NA,NA,NA,NA,NA,NA,NA,NA,NA,NA,NA,NA,A/A,Y,1,NA,Y,2,2,0,1,2,4,4,5,3,5,3,4,2,5,2,4,2,3,2,3,2,4,4,4,2,4,2,4,3,5,5,6,4,5,2,4,2,4,2,3,2,3,4,5,4,6,4,6,4,5,4,6,4,6,4,5,4,6,5,6,2,3,5,4,3,3,2,3,2,3,2,3,5,5,4,2,3,3,4,5,5,5,5,5,5,6,6,2,1,1,1,1,0,0,0,1,1,1,2,2,4,2,3,3,2,1,1,0,1,1,0,1,0,1,1,0,50,79,29,37,51,14,43,1,1
206,0,1,*2/*2,N,1,*1/*1,N,0,*1/*2,2,N,0,*3/*3,N,0,C/T,Y,1,NA,NA,NA,NA,NA,NA,NA,NA,NA,NA,NA,NA,NA,NA,NA,NA,NA,NA,NA,NA,NA,NA,NA,NA,A/A,Y,1,NA,Y,1,2,0,1,3,4,3,4,3,4,3,4,3,4,3,4,3,4,3,4,3,4,3,4,3,4,3,5,3,5,3,5,3,5,3,5,3,4,3,5,3,5,4,6,4,6,4,6,4,6,4,4,4,4,4,4,4,5,4,6,5,5,4,5,5,5,5,5,5,5,5,5,5,5,5,5,5,5,5,5,5,5,5,5,5,5,5,3,1,1,0,1,0,1,0,0,1,0,2,2,3,3,2,2,2,1,0,0,0,0,0,1,0,0,1,0,57,83,26,36,47,11,37,0,0
207,0,1,*1/*1,N,0,*1/*1,N,0,*1/*10,1.25,N,0,*3/*3,N,0,C/T,Y,1,NA,NA,NA,NA,NA,NA,NA,NA,NA,NA,NA,NA,NA,NA,NA,NA,NA,NA,NA,NA,NA,NA,NA,NA,A/G,Y,1,NA,Y,1,1,0,1,2,4,4,5,3,5,3,5,2,5,1,5,2,5,2,5,1,4,2,5,1,4,1,6,1,3,1,3,2,4,3,5,3,4,3,4,2,4,4,5,4,6,5,5,4,5,4,4,5,5,5,5,5,5,5,5,4,4,4,5,4,5,4,5,5,4,4,3,5,5,4,4,5,4,5,4,5,5,6,6,6,6,5,3,1,0,0,1,0,0,0,1,1,0,1,2,4,3,2,1,2,1,0,0,0,1,0,0,0,0,0,0,39,85,46,41,45,4,50,0,1
208,0,4,*1/*1,N,0,*1/*1,N,0,*1/*2A,2,N,0,*3/*3,N,0,T/T,N,0,*1/*1,N,0,Negative,N,0,TT,N,0,Negative,N,0,Negative,N,0,C/C,N,0,*1/*1,N,0,*1/*28,N,0,A/G,Y,1,NA,N,0,0,0,4,4,5,3,4,2,4,2,5,1,5,2,6,1,4,1,5,1,5,1,4,1,5,2,5,1,5,1,4,1,4,1,5,1,4,1,4,1,5,2,4,2,4,4,6,4,6,5,6,5,6,5,6,5,6,5,6,5,2,3,5,2,4,2,3,4,5,4,4,4,4,4,4,4,3,3,3,3,2,1,2,2,1,1,5,1,0,0,0,0,0,0,1,1,1,2,2,3,1,2,2,2,1,0,0,0,0,0,0,0,0,1,1,28,88,60,37,50,13,73,0,0
209,1,3,*1/*1,N,0,*1/*1,N,0,*10/*10+*36,0.5,N,0,*3/*3,N,0,T/T,N,0,*1/*1,N,0,Negative,N,0,Positive,Y,3,Negative,N,0,Negative,N,0,C/C,N,0,*1/*1,N,0,*1/*1,N,0,A/A,Y,1,NA,Y,1,3,1,3,4,6,3,5,3,5,3,5,3,5,3,5,3,5,3,5,3,5,3,5,2,5,2,4,2,4,2,4,2,4,2,4,2,4,2,4,2,4,4,6,4,6,4,6,4,6,4,6,4,6,5,6,4,6,4,6,5,4,4,4,5,5,5,5,3,4,4,4,4,4,4,4,4,4,4,4,4,4,4,4,4,4,4,4,1,1,0,0,0,0,1,0,0,0,2,2,3,1,2,2,2,1,0,1,0,0,0,1,1,0,0,1,49,88,39,37,54,17,56,1,1
210,0,4,*1/*17,N,0,*1/*1,N,0,*1/*41,1.5,N,0,*3/*3,N,0,T/T,N,0,*1/*1,N,0,Negative,N,0,TT,N,0,Negative,N,0,Negative,N,0,C/C,N,0,*1/*1,N,0,*1/*1,N,0,G/G,N,0,NA,N,0,0,0,4,6,6,5,2,5,5,5,5,5,3,5,2,3,1,4,5,6,6,5,5,2,1,5,5,5,3,4,4,2,2,2,1,1,1,1,1,1,1,5,5,5,5,5,5,6,6,6,6,5,6,4,4,6,6,6,6,6,4,5,5,3,3,3,2,5,5,1,3,4,3,1,1,2,4,3,2,2,2,2,5,3,1,1,4,1,0,1,0,1,0,0,1,1,1,2,2,4,1,4,3,1,1,1,0,0,0,1,1,1,0,1,0,72,59,-13,48,49,1,-12,1,1
211,0,3,*1/*1,N,0,*1/*3,N,0,*1/*2A,2,N,0,*3/*3,N,0,T/T,N,0,*1/*1,N,0,Negative,N,0,Negative,N,0,Negative,N,0,Negative,N,0,C/C,N,0,*1/*1,N,0,*28/*28,Y,1,A/G,Y,1,NA,Y,1,1,0,3,5,5,5,5,4,5,4,5,4,5,4,5,4,5,4,5,4,5,4,4,4,5,4,5,4,5,4,5,3,4,3,4,3,3,3,4,3,4,4,2,4,3,4,3,4,3,4,3,4,3,3,3,4,3,4,3,4,4,4,4,4,4,4,4,4,4,4,4,4,4,3,4,3,3,3,3,3,4,4,4,4,4,4,3,0,0,1,0,0,0,0,1,1,1,1,2,3,3,2,1,2,1,0,0,1,1,0,0,0,0,0,1,73,88,15,35,26,-9,6,0,0
212,0,4,*1/*2,N,0,*1/*1,N,0,*2A/*3,1,N,0,*3/*3,N,0,T/T,N,0,*1/*1,N,0,Negative,N,0,TT,N,0,Negative,N,0,Negative,N,0,C/C,N,0,*1/*3A,Y,2,*1/*28,N,0,A/G,Y,1,NA,Y,1,2,0,4,1,1,2,2,4,4,3,3,2,2,3,3,3,3,4,4,4,4,3,3,1,1,4,4,4,4,4,4,4,4,2,2,2,2,2,2,3,3,5,5,5,5,4,4,6,6,6,6,3,3,2,2,4,4,3,3,2,3,4,4,3,3,3,3,4,4,1,3,4,3,1,1,1,3,3,3,5,2,2,1,1,1,3,4,1,0,0,0,1,0,0,1,0,1,2,2,3,1,1,2,2,1,0,1,1,1,1,0,0,0,0,0,55,55,0,38,38,0,0,0,1
213,1,4,*1/*2,N,0,*1/*1,N,0,*1/*41,1.5,N,0,*3/*3,N,0,C/T,Y,1,*1/*1,N,0,Positive,Y,1,TT,N,0,Negative,N,0,Negative,N,0,C/C,N,0,*1/*1,N,0,*1/*28,N,0,G/G,N,0,NA,Y,2,2,1,4,4,4,2,4,2,5,2,5,1,4,2,4,2,3,2,4,1,2,2,4,1,2,2,3,2,5,2,5,2,5,1,3,1,2,1,2,1,2,2,5,2,4,2,4,4,5,6,6,4,5,3,4,5,5,3,6,2,5,5,5,4,4,2,4,1,4,1,2,5,5,3,1,2,4,3,4,2,2,1,1,2,2,2,4,1,1,1,1,0,0,0,0,0,1,1,2,3,3,3,4,2,1,1,1,0,1,1,0,0,1,1,1,33,68,35,31,44,13,48,1,1
214,1,3,*1/*17,N,0,*1/*3,N,0,*2A/*59,1.5,N,0,*3/*3,N,0,C/C,Y,1,*1/*1,N,0,Negative,N,0,Negative,N,0,Negative,N,0,Negative,N,0,C/C,N,0,*1/*1,N,0,*1/*28,N,0,A/G,Y,1,NA,Y,1,1,1,3,5,6,4,6,5,6,4,5,4,6,5,5,4,5,4,5,4,4,3,5,3,5,4,5,3,6,3,6,2,5,2,4,3,5,3,6,1,4,4,5,4,6,5,6,5,6,5,6,5,6,5,6,6,6,5,6,4,4,4,3,2,2,4,4,3,2,4,3,2,2,4,3,4,4,5,5,5,5,5,5,5,5,5,3,1,1,1,1,0,0,0,0,1,0,2,2,4,3,1,2,2,2,0,0,1,0,0,0,0,1,1,0,66,99,33,44,53,9,42,1,1
215,1,3,*1/*2,N,0,*1/*1,N,0,*10/*10+*36,0.5,N,0,*1/*3,Y,1,T/T,N,0,*1/*1,N,0,Negative,N,0,Negative,N,0,Negative,N,0,Negative,N,0,C/C,N,0,*1/*1,N,0,*1/*1,N,0,A/A,Y,1,NA,Y,1,1,1,3,2,3,2,4,3,4,3,4,3,4,3,4,3,4,3,4,3,4,3,4,3,4,3,4,3,5,3,5,3,5,3,4,3,4,3,5,3,5,4,6,4,5,4,6,5,6,5,6,5,6,5,5,5,6,5,6,4,4,3,3,3,3,3,3,4,3,2,3,3,3,4,3,4,4,4,4,4,4,5,4,4,5,4,4,1,0,0,1,0,0,0,0,1,1,2,2,3,3,2,2,2,1,1,0,0,0,0,0,0,0,1,1,55,80,25,42,52,10,35,1,1
216,0,3,*1/*1,N,0,*1/*1,N,0,*1/*1,2,N,0,*3/*3,N,0,T/T,N,0,*1/*1,N,0,Negative,N,0,Negative,N,0,Negative,N,0,Negative,N,0,C/C,N,0,*1/*1,N,0,*1/*28,N,0,A/A,Y,1,NA,N,0,0,0,3,2,4,2,6,2,6,2,6,2,6,2,6,1,5,1,4,2,6,2,6,2,5,4,6,2,6,2,6,2,6,1,5,1,6,3,6,1,6,4,6,4,6,4,6,4,6,6,6,6,6,4,6,6,6,6,6,3,5,5,2,3,3,2,2,4,4,4,3,3,4,4,4,4,4,5,5,5,5,5,5,5,5,5,5,1,1,1,0,0,0,1,1,1,0,1,2,3,3,5,5,2,1,0,0,0,0,0,0,0,1,1,0,36,107,71,44,54,10,81,0,1
217,0,2,*1/*2,N,0,*1/*1,N,0,NA,NA,NA,NA,NA,NA,NA,NA,NA,NA,NA,NA,NA,NA,NA,NA,NA,NA,NA,NA,NA,NA,NA,NA,NA,NA,NA,NA,NA,NA,NA,NA,NA,NA,A/A,Y,1,NA,N,0,0,0,2,5,6,5,6,5,6,5,6,5,6,5,6,5,6,5,6,5,6,5,6,5,6,5,6,5,6,4,5,4,5,4,5,4,5,4,5,4,5,5,6,5,6,5,6,5,6,5,6,5,6,5,6,5,6,5,6,3,6,3,6,5,5,4,4,5,3,4,4,3,3,3,3,3,4,5,6,6,6,6,6,5,5,5,5,1,0,1,1,0,1,1,0,1,0,2,2,3,3,1,2,2,1,1,0,1,0,0,0,0,0,1,0,89,108,19,45,54,9,28,1,1
218,1,3,*1/*3,Y,0,*1/*1,N,0,*1/*10+*36,1.25,N,0,*1/*3,Y,1,T/T,N,0,*1/*1,N,0,Negative,N,0,Negative,N,0,Negative,N,0,Negative,N,0,C/T,Y,2,*1/*1,N,0,*1/*1,N,0,A/G,Y,1,NA,Y,3,3,1,3,5,6,2,4,1,4,1,4,1,4,1,4,1,4,1,4,4,4,1,4,1,3,1,3,1,4,1,3,1,3,1,3,1,1,1,1,1,2,4,5,4,5,4,5,4,5,6,6,4,5,4,5,6,6,6,6,2,3,2,2,2,2,1,1,1,1,1,2,2,2,2,2,2,2,4,4,4,5,6,6,5,5,6,4,0,0,1,1,0,1,0,0,0,0,2,3,3,3,1,1,2,1,0,0,0,0,0,0,0,0,0,0,27,65,38,42,48,6,44,0,0
219,0,1,*1/*17,N,0,*1/*3,N,0,*2/*4,1,N,0,*3/*3,N,0,T/T,N,0,NA,NA,NA,NA,NA,NA,NA,NA,NA,NA,NA,NA,NA,NA,NA,NA,NA,NA,NA,NA,NA,NA,NA,NA,A/A,Y,1,NA,N,0,0,0,1,3,4,2,3,4,3,3,4,4,3,2,4,2,4,4,4,3,4,3,3,4,4,4,4,4,3,4,3,4,4,4,3,5,4,4,3,4,4,4,4,4,5,4,5,4,5,4,5,4,5,4,5,4,5,4,4,5,4,5,4,4,4,4,4,3,3,4,4,4,5,3,3,3,4,3,3,3,3,5,4,4,5,5,2,1,0,0,0,0,1,0,0,1,1,1,3,3,5,3,3,2,1,0,0,0,0,0,0,1,1,1,1,67,68,1,36,43,7,8,0,0
220,0,4,*1/*1,N,0,*2/*11,N,1,*2A/*2A,2,N,0,*3/*3,N,0,C/T,Y,1,*1/*1,N,0,Negative,N,0,TT,N,0,Negative,N,0,Negative,N,0,C/C,N,0,*1/*1,N,0,*1/*1,N,0,G/G,N,0,NA,Y,1,2,0,4,3,4,3,4,3,4,2,4,2,4,2,4,3,4,3,4,3,4,3,4,3,4,2,4,3,5,3,4,3,4,3,4,3,4,3,4,2,4,4,6,5,5,5,5,4,5,5,5,5,5,5,5,5,5,4,5,5,4,4,4,4,4,3,3,4,3,3,3,3,3,3,3,3,3,2,2,2,2,1,2,2,2,2,5,1,1,0,0,0,0,0,0,0,1,2,2,3,3,2,2,1,2,1,0,0,1,0,1,0,0,1,1,52,77,25,42,46,4,29,1,0
221,1,3,*1/*17,N,0,*1/*1,N,0,*4+*68/*41,0.5,N,0,*1/*3,Y,1,T/T,N,0,*1/*1,N,0,Negative,N,0,Negative,N,0,Negative,N,0,Negative,N,0,C/C,N,0,*1/*1,N,0,*1/*28,N,0,A/G,Y,1,NA,Y,1,1,1,3,5,6,6,6,5,6,5,6,4,5,4,5,3,5,2,4,4,5,5,6,3,4,3,5,4,5,4,5,4,6,5,6,3,5,4,5,4,5,4,4,4,4,4,4,5,5,6,6,5,6,5,6,5,5,3,3,5,6,6,5,5,5,3,3,4,5,2,4,4,4,4,4,4,4,5,4,4,6,5,5,5,6,5,5,1,1,0,0,0,0,0,0,1,1,1,2,4,3,2,3,1,1,0,0,0,0,0,0,0,0,1,1,77,100,23,41,43,2,25,0,1
222,0,4,*2/*2,N,1,*1/*1,N,0,*4/*4,0,Y,3,*3/*3,N,0,T/T,N,0,*1/*1,N,0,Negative,N,0,TT,N,0,Negative,N,0,Negative,N,0,C/C,N,0,*1/*3A,Y,2,*28/*28,Y,1,G/G,N,0,NA,Y,3,7,0,4,4,6,5,5,2,4,1,5,1,4,1,4,1,4,1,4,2,5,2,4,1,1,3,4,2,4,2,4,1,4,1,4,1,2,1,2,1,4,5,6,5,5,5,5,6,6,6,6,6,6,6,6,6,6,6,6,5,5,5,6,3,3,3,3,4,4,2,3,2,3,1,1,2,2,3,3,3,1,1,1,1,1,1,4,1,0,1,0,0,0,1,0,1,1,2,3,3,1,2,2,2,1,0,0,1,0,0,0,0,0,1,1,33,74,41,51,52,1,42,0,1
223,0,2,*1/*2,N,0,*1/*1,N,0,NA,NA,NA,NA,NA,NA,NA,NA,NA,NA,NA,NA,NA,NA,NA,NA,NA,NA,NA,NA,NA,NA,NA,NA,NA,NA,NA,NA,NA,NA,NA,NA,NA,NA,A/G,Y,1,NA,N,0,0,0,2,3,6,2,4,2,6,4,6,1,5,2,5,1,5,2,5,2,4,4,6,2,5,3,5,2,5,2,5,2,5,1,5,1,5,1,4,1,4,4,6,4,6,6,6,5,5,6,6,2,6,2,6,5,6,6,6,5,4,4,6,3,2,3,3,4,6,3,4,4,4,4,4,4,4,5,5,5,6,6,6,6,6,6,5,1,1,1,0,1,0,1,1,1,1,2,2,3,1,2,2,2,1,1,1,0,1,0,1,1,0,1,0,38,95,57,40,53,13,70,1,1
224,0,3,*1/*17,N,0,*1/*3,N,0,*1/*1,2,N,0,*3/*3,N,0,T/T,N,0,*1/*1,N,0,Negative,N,0,Negative,N,0,Negative,N,0,Negative,N,0,C/C,N,0,*1/*1,N,0,*1/*1,N,0,G/G,N,0,NA,N,0,0,0,3,2,5,3,5,3,5,3,5,3,5,2,5,3,5,3,5,4,5,2,4,2,4,2,4,3,5,4,5,4,5,2,4,2,4,2,5,3,4,5,5,5,5,6,6,6,6,6,6,6,6,5,4,6,6,6,6,4,4,4,4,4,4,4,4,4,4,4,3,4,4,4,3,4,5,6,6,6,6,6,6,6,6,6,3,1,1,1,0,0,1,0,0,1,1,2,2,4,3,3,4,2,1,0,0,1,0,0,0,0,0,1,1,52,89,37,51,50,-1,36,0,1
225,1,3,*1/*1,N,0,*1/*1,N,0,*1/*2A,2,N,0,*3/*3,N,0,C/T,Y,1,*1/*1,N,0,Negative,N,0,Negative,N,0,Negative,N,0,Negative,N,0,C/C,N,0,*1/*1,N,0,*1/*28,N,0,G/G,N,0,NA,Y,1,1,1,3,1,5,2,5,2,5,2,6,1,5,1,5,1,4,1,4,1,4,3,6,1,3,1,4,1,5,1,5,1,5,1,5,1,5,1,5,1,5,2,5,3,4,3,4,4,6,5,6,5,6,5,6,6,6,6,6,1,3,3,2,2,2,1,2,2,3,1,1,2,2,1,1,2,2,3,2,2,5,5,6,5,6,6,5,1,1,1,1,0,0,1,1,1,1,1,2,4,1,2,2,2,1,1,1,1,0,1,1,1,1,1,1,24,91,67,39,49,10,77,1,1
226,1,3,*1/*1,N,0,*1/*2,N,0,*1/*4,1,N,0,*3/*3,N,0,T/T,N,0,*1/*1,N,0,Negative,N,0,Negative,N,0,Negative,N,0,Negative,N,0,C/C,N,0,*1/*1,N,0,*1/*28,N,0,A/G,Y,1,NA,N,0,0,1,3,4,5,3,4,3,4,3,4,3,5,3,5,3,4,3,4,3,4,3,4,3,3,3,4,3,4,3,4,3,4,3,4,3,4,3,4,3,4,4,5,4,5,4,5,4,6,4,6,4,6,4,6,4,6,4,6,5,5,5,5,5,5,5,5,4,4,3,5,5,5,4,4,4,4,4,5,5,6,6,6,6,6,6,3,1,1,1,0,1,0,1,1,0,0,1,2,3,1,1,1,2,1,1,1,1,0,0,1,0,1,0,0,58,78,20,36,51,15,35,1,1
227,0,4,*1/*1,N,0,*1/*2,N,0,*1/*1,2,N,0,*1/*3,Y,1,T/T,N,0,*1/*1,N,0,Negative,N,0,TT,N,0,Negative,N,0,Negative,N,0,C/C,N,0,*1/*1,N,0,*28/*28,Y,1,A/G,Y,1,NA,Y,2,2,0,4,4,6,2,5,2,6,2,6,2,5,2,5,2,5,2,5,2,5,2,5,2,5,2,5,2,5,2,5,2,5,2,5,2,5,2,5,2,5,4,6,4,6,4,6,4,6,4,6,4,6,4,6,4,6,4,6,6,5,6,5,6,6,5,5,5,5,5,4,4,4,4,4,4,4,2,2,3,2,1,1,1,1,1,5,1,1,1,1,0,0,1,1,1,1,2,3,4,4,2,2,2,1,1,0,0,0,0,0,0,0,1,1,40,98,58,36,54,18,76,1,1
228,1,2,*1/*1,N,0,*1/*2,N,0,NA,NA,NA,NA,NA,NA,NA,NA,NA,NA,NA,NA,NA,NA,NA,NA,NA,NA,NA,NA,NA,NA,NA,NA,NA,NA,NA,NA,NA,NA,NA,NA,NA,NA,A/G,Y,1,NA,N,0,0,1,2,5,6,6,6,5,5,6,6,4,5,5,6,5,5,4,4,4,4,5,5,5,6,4,4,5,5,5,5,5,5,5,6,5,5,6,6,6,6,6,6,5,5,5,5,6,6,6,6,6,6,6,6,6,6,6,6,4,5,4,5,4,5,3,4,5,5,4,3,4,4,3,2,3,3,5,4,5,6,6,6,6,6,6,5,1,0,1,0,1,0,1,1,1,0,2,3,3,3,1,1,2,1,1,0,1,0,0,1,0,1,0,0,95,100,5,52,52,0,5,1,1
229,0,4,*1/*1,N,0,*1/*1,N,0,*1/*1,2,N,0,*3/*3,N,0,T/T,N,0,*1/*1,N,0,Negative,N,0,TT,N,0,Negative,N,0,Positive,Y,1,C/C,N,0,*1/*1,N,0,*1/*28,N,0,G/G,N,0,NA,Y,1,1,0,4,4,5,4,5,2,5,4,5,4,5,4,5,4,5,3,5,2,6,3,5,4,4,4,5,5,6,5,6,5,6,3,4,2,5,5,5,2,5,5,5,4,4,4,4,6,6,6,6,6,6,6,6,6,6,6,6,6,5,5,5,5,5,4,5,5,5,4,3,5,5,3,4,5,4,3,3,3,2,1,1,1,1,1,5,1,1,1,1,1,1,0,1,1,0,1,2,4,1,1,2,2,1,1,1,1,1,0,0,0,1,1,1,69,97,28,49,49,0,28,1,1
230,0,3,*1/*1,N,0,*1/*1,N,0,*1/*2A,2,N,0,*3/*3,N,0,T/T,N,0,*1/*1,N,0,Negative,N,0,Negative,N,0,Negative,N,0,Negative,N,0,C/C,N,0,*1/*1,N,0,*1/*1,N,0,G/G,N,0,NA,N,0,0,0,3,4,5,3,4,4,6,4,6,2,4,3,4,1,3,2,5,2,2,3,5,2,5,2,4,3,5,3,5,3,5,2,5,3,5,2,4,1,5,4,5,4,6,4,5,6,6,5,6,5,5,5,5,5,6,4,6,4,3,3,4,4,4,2,3,1,3,1,3,2,1,1,2,2,2,4,3,3,5,6,5,5,3,5,5,1,1,1,0,1,1,0,0,1,1,2,2,4,3,2,2,2,1,1,1,1,1,0,1,0,0,1,1,49,87,38,42,50,8,46,1,1
231,1,2,*1/*2,N,0,*1/*1,N,0,NA,NA,NA,NA,NA,NA,NA,NA,NA,NA,NA,NA,NA,NA,NA,NA,NA,NA,NA,NA,NA,NA,NA,NA,NA,NA,NA,NA,NA,NA,NA,NA,NA,NA,G/G,N,0,NA,N,0,0,1,2,3,5,3,5,4,6,4,6,4,6,4,6,4,5,4,5,3,4,3,4,3,4,2,4,3,5,3,5,3,5,2,4,2,4,2,4,4,5,3,4,3,5,4,6,6,6,5,6,5,6,6,6,5,6,6,6,4,4,4,4,4,4,4,4,3,3,3,4,4,4,4,3,4,4,4,4,4,6,6,4,5,5,6,4,1,1,1,0,0,0,1,0,1,1,1,2,4,3,2,2,2,1,0,1,0,1,0,0,0,0,1,1,60,92,32,43,51,8,40,1,1
232,0,3,*1/*2,N,0,*1/*3,N,0,*2A/*10,1.25,N,0,*3/*3,N,0,T/T,N,0,*1/*1,N,0,Positive,Y,1,Negative,N,0,Negative,N,0,Negative,N,0,C/C,N,0,*1/*1,N,0,*1/*1,N,0,A/G,Y,1,NA,Y,1,1,0,3,4,4,4,4,4,5,4,5,4,4,3,4,4,5,4,5,4,5,4,4,3,3,4,6,4,5,4,5,4,5,3,4,3,4,3,4,3,5,4,4,3,3,4,4,5,6,5,5,5,5,5,5,4,4,5,5,4,5,5,4,3,3,4,3,3,2,2,4,4,4,4,3,4,4,5,5,5,5,5,5,5,5,5,4,1,0,0,1,0,0,0,1,1,1,1,2,4,3,2,3,2,1,0,0,0,0,0,0,0,0,0,0,70,86,16,40,41,1,17,0,1
233,0,3,*1/*1,N,0,*1/*1,N,0,*2A/*10+*36,1.25,N,0,*1/*3,Y,1,C/T,Y,1,*1/*1,N,0,Negative,N,0,Negative,N,0,Negative,N,0,Negative,N,0,C/T,Y,2,*1/*1,N,0,*1/*6,N,0,A/A,Y,1,NA,Y,3,4,0,3,3,5,3,4,4,4,4,4,3,4,3,4,3,4,3,3,4,4,4,4,3,3,3,3,3,3,3,3,3,3,3,3,3,4,3,4,3,4,3,4,4,4,3,3,5,5,6,6,6,6,4,6,6,6,6,6,5,5,4,4,4,4,3,3,4,3,3,3,3,3,3,4,4,3,4,4,4,5,6,6,6,6,6,4,0,0,0,1,0,1,1,0,0,1,2,2,4,1,1,1,2,1,0,0,0,1,1,0,1,0,0,0,61,70,9,43,46,3,12,0,0
